-- DEPARTAMENTOS
Insert into activosfijos.departamentos (id_departamento,codigo_dane,nombre) values ('1','05','ANTIOQUIA');
Insert into activosfijos.departamentos (id_departamento,codigo_dane,nombre) values ('2','08','ATLANTICO');
Insert into activosfijos.departamentos (id_departamento,codigo_dane,nombre) values ('3','11','BOGOTA, D.C.');
Insert into activosfijos.departamentos (id_departamento,codigo_dane,nombre) values ('4','13','BOLIVAR');
Insert into activosfijos.departamentos (id_departamento,codigo_dane,nombre) values ('5','15','BOYACA');
Insert into activosfijos.departamentos (id_departamento,codigo_dane,nombre) values ('6','17','CALDAS');
Insert into activosfijos.departamentos (id_departamento,codigo_dane,nombre) values ('7','18','CAQUETA');
Insert into activosfijos.departamentos (id_departamento,codigo_dane,nombre) values ('8','19','CAUCA');
Insert into activosfijos.departamentos (id_departamento,codigo_dane,nombre) values ('9','20','CESAR');
Insert into activosfijos.departamentos (id_departamento,codigo_dane,nombre) values ('10','23','CORDOBA');
Insert into activosfijos.departamentos (id_departamento,codigo_dane,nombre) values ('11','25','CUNDINAMARCA');
Insert into activosfijos.departamentos (id_departamento,codigo_dane,nombre) values ('12','27','CHOCO');
Insert into activosfijos.departamentos (id_departamento,codigo_dane,nombre) values ('13','41','HUILA');
Insert into activosfijos.departamentos (id_departamento,codigo_dane,nombre) values ('14','44','LA GUAJIRA');
Insert into activosfijos.departamentos (id_departamento,codigo_dane,nombre) values ('15','47','MAGDALENA');
Insert into activosfijos.departamentos (id_departamento,codigo_dane,nombre) values ('16','50','META');
Insert into activosfijos.departamentos (id_departamento,codigo_dane,nombre) values ('17','52','NARI?O');
Insert into activosfijos.departamentos (id_departamento,codigo_dane,nombre) values ('18','54','NORTE DE SANTANDER');
Insert into activosfijos.departamentos (id_departamento,codigo_dane,nombre) values ('19','63','QUINDIO');
Insert into activosfijos.departamentos (id_departamento,codigo_dane,nombre) values ('20','66','RISARALDA');
Insert into activosfijos.departamentos (id_departamento,codigo_dane,nombre) values ('21','68','SANTANDER');
Insert into activosfijos.departamentos (id_departamento,codigo_dane,nombre) values ('22','70','SUCRE');
Insert into activosfijos.departamentos (id_departamento,codigo_dane,nombre) values ('23','73','TOLIMA');
Insert into activosfijos.departamentos (id_departamento,codigo_dane,nombre) values ('24','76','VALLE DEL CAUCA');
Insert into activosfijos.departamentos (id_departamento,codigo_dane,nombre) values ('25','81','ARAUCA');
Insert into activosfijos.departamentos (id_departamento,codigo_dane,nombre) values ('26','85','CASANARE');
Insert into activosfijos.departamentos (id_departamento,codigo_dane,nombre) values ('27','86','PUTUMAYO');
Insert into activosfijos.departamentos (id_departamento,codigo_dane,nombre) values ('28','88','ARCHIPIELAGO DE SAN ANDRES, PROVIDENCIA Y SANTA CATALINA');
Insert into activosfijos.departamentos (id_departamento,codigo_dane,nombre) values ('29','91','AMAZONAS');
Insert into activosfijos.departamentos (id_departamento,codigo_dane,nombre) values ('30','94','GUAINIA');
Insert into activosfijos.departamentos (id_departamento,codigo_dane,nombre) values ('31','95','GUAVIARE');
Insert into activosfijos.departamentos (id_departamento,codigo_dane,nombre) values ('32','97','VAUPES');
Insert into activosfijos.departamentos (id_departamento,codigo_dane,nombre) values ('33','99','VICHADA');

-- CIUDADES
Insert into activosfijos.ciudades (id_ciudad,codigo_dane,nombre,id_departamento) values ('1','05001','MEDELLIN','1');
Insert into activosfijos.ciudades (id_ciudad,codigo_dane,nombre,id_departamento) values ('2','05002','ABEJORRAL','1');
Insert into activosfijos.ciudades (id_ciudad,codigo_dane,nombre,id_departamento) values ('3','05004','ABRIAQUI','1');
Insert into activosfijos.ciudades (id_ciudad,codigo_dane,nombre,id_departamento) values ('4','05021','ALEJANDRIA','1');
Insert into activosfijos.ciudades (id_ciudad,codigo_dane,nombre,id_departamento) values ('5','05030','AMAGA','1');
Insert into activosfijos.ciudades (id_ciudad,codigo_dane,nombre,id_departamento) values ('6','05031','AMALFI','1');
Insert into activosfijos.ciudades (id_ciudad,codigo_dane,nombre,id_departamento) values ('7','05034','ANDES','1');
Insert into activosfijos.ciudades (id_ciudad,codigo_dane,nombre,id_departamento) values ('8','05036','ANGELOPOLIS','1');
Insert into activosfijos.ciudades (id_ciudad,codigo_dane,nombre,id_departamento) values ('9','05038','ANGOSTURA','1');
Insert into activosfijos.ciudades (id_ciudad,codigo_dane,nombre,id_departamento) values ('10','05040','ANORI','1');
Insert into activosfijos.ciudades (id_ciudad,codigo_dane,nombre,id_departamento) values ('11','05042','SANTA FE DE ANTIOQUIA','1');
Insert into activosfijos.ciudades (id_ciudad,codigo_dane,nombre,id_departamento) values ('12','05044','ANZA','1');
Insert into activosfijos.ciudades (id_ciudad,codigo_dane,nombre,id_departamento) values ('13','05045','APARTADO','1');
Insert into activosfijos.ciudades (id_ciudad,codigo_dane,nombre,id_departamento) values ('14','05051','ARBOLETES','1');
Insert into activosfijos.ciudades (id_ciudad,codigo_dane,nombre,id_departamento) values ('15','05055','ARGELIA','1');
Insert into activosfijos.ciudades (id_ciudad,codigo_dane,nombre,id_departamento) values ('16','05059','ARMENIA','1');
Insert into activosfijos.ciudades (id_ciudad,codigo_dane,nombre,id_departamento) values ('17','05079','BARBOSA','1');
Insert into activosfijos.ciudades (id_ciudad,codigo_dane,nombre,id_departamento) values ('18','05086','BELMIRA','1');
Insert into activosfijos.ciudades (id_ciudad,codigo_dane,nombre,id_departamento) values ('19','05088','BELLO','1');
Insert into activosfijos.ciudades (id_ciudad,codigo_dane,nombre,id_departamento) values ('20','05091','BETANIA','1');
Insert into activosfijos.ciudades (id_ciudad,codigo_dane,nombre,id_departamento) values ('21','05093','BETULIA','1');
Insert into activosfijos.ciudades (id_ciudad,codigo_dane,nombre,id_departamento) values ('22','05101','CIUDAD BOLIVAR','1');
Insert into activosfijos.ciudades (id_ciudad,codigo_dane,nombre,id_departamento) values ('23','05107','BRICE?O','1');
Insert into activosfijos.ciudades (id_ciudad,codigo_dane,nombre,id_departamento) values ('24','05113','BURITICA','1');
Insert into activosfijos.ciudades (id_ciudad,codigo_dane,nombre,id_departamento) values ('25','05120','CACERES','1');
Insert into activosfijos.ciudades (id_ciudad,codigo_dane,nombre,id_departamento) values ('26','05125','CAICEDO','1');
Insert into activosfijos.ciudades (id_ciudad,codigo_dane,nombre,id_departamento) values ('27','05129','CALDAS-','1');
Insert into activosfijos.ciudades (id_ciudad,codigo_dane,nombre,id_departamento) values ('28','05134','CAMPAMENTO','1');
Insert into activosfijos.ciudades (id_ciudad,codigo_dane,nombre,id_departamento) values ('29','05138','CA?ASGORDAS','1');
Insert into activosfijos.ciudades (id_ciudad,codigo_dane,nombre,id_departamento) values ('30','05142','CARACOLI','1');
Insert into activosfijos.ciudades (id_ciudad,codigo_dane,nombre,id_departamento) values ('31','05145','CARAMANTA','1');
Insert into activosfijos.ciudades (id_ciudad,codigo_dane,nombre,id_departamento) values ('32','05147','CAREPA','1');
Insert into activosfijos.ciudades (id_ciudad,codigo_dane,nombre,id_departamento) values ('33','05148','EL CARMEN DE VIBORAL','1');
Insert into activosfijos.ciudades (id_ciudad,codigo_dane,nombre,id_departamento) values ('34','05150','CAROLINA','1');
Insert into activosfijos.ciudades (id_ciudad,codigo_dane,nombre,id_departamento) values ('35','05154','CAUCASIA','1');
Insert into activosfijos.ciudades (id_ciudad,codigo_dane,nombre,id_departamento) values ('36','05172','CHIGORODO','1');
Insert into activosfijos.ciudades (id_ciudad,codigo_dane,nombre,id_departamento) values ('37','05190','CISNEROS','1');
Insert into activosfijos.ciudades (id_ciudad,codigo_dane,nombre,id_departamento) values ('38','05197','COCORNA','1');
Insert into activosfijos.ciudades (id_ciudad,codigo_dane,nombre,id_departamento) values ('39','05206','CONCEPCION','1');
Insert into activosfijos.ciudades (id_ciudad,codigo_dane,nombre,id_departamento) values ('40','05209','CONCORDIA','1');
Insert into activosfijos.ciudades (id_ciudad,codigo_dane,nombre,id_departamento) values ('41','05212','COPACABANA','1');
Insert into activosfijos.ciudades (id_ciudad,codigo_dane,nombre,id_departamento) values ('42','05234','DABEIBA','1');
Insert into activosfijos.ciudades (id_ciudad,codigo_dane,nombre,id_departamento) values ('43','05237','DONMATIAS','1');
Insert into activosfijos.ciudades (id_ciudad,codigo_dane,nombre,id_departamento) values ('44','05240','EBEJICO','1');
Insert into activosfijos.ciudades (id_ciudad,codigo_dane,nombre,id_departamento) values ('45','05250','EL BAGRE','1');
Insert into activosfijos.ciudades (id_ciudad,codigo_dane,nombre,id_departamento) values ('46','05264','ENTRERRIOS','1');
Insert into activosfijos.ciudades (id_ciudad,codigo_dane,nombre,id_departamento) values ('47','05266','ENVIGADO','1');
Insert into activosfijos.ciudades (id_ciudad,codigo_dane,nombre,id_departamento) values ('48','05282','FREDONIA','1');
Insert into activosfijos.ciudades (id_ciudad,codigo_dane,nombre,id_departamento) values ('49','05284','FRONTINO','1');
Insert into activosfijos.ciudades (id_ciudad,codigo_dane,nombre,id_departamento) values ('50','05306','GIRALDO','1');
Insert into activosfijos.ciudades (id_ciudad,codigo_dane,nombre,id_departamento) values ('51','05308','GIRARDOTA','1');
Insert into activosfijos.ciudades (id_ciudad,codigo_dane,nombre,id_departamento) values ('52','05310','GOMEZ PLATA','1');
Insert into activosfijos.ciudades (id_ciudad,codigo_dane,nombre,id_departamento) values ('53','05313','GRANADA','1');
Insert into activosfijos.ciudades (id_ciudad,codigo_dane,nombre,id_departamento) values ('54','05315','GUADALUPE','1');
Insert into activosfijos.ciudades (id_ciudad,codigo_dane,nombre,id_departamento) values ('55','05318','GUARNE','1');
Insert into activosfijos.ciudades (id_ciudad,codigo_dane,nombre,id_departamento) values ('56','05321','GUATAPE','1');
Insert into activosfijos.ciudades (id_ciudad,codigo_dane,nombre,id_departamento) values ('57','05347','HELICONIA','1');
Insert into activosfijos.ciudades (id_ciudad,codigo_dane,nombre,id_departamento) values ('58','05353','HISPANIA','1');
Insert into activosfijos.ciudades (id_ciudad,codigo_dane,nombre,id_departamento) values ('59','05360','ITAGUI','1');
Insert into activosfijos.ciudades (id_ciudad,codigo_dane,nombre,id_departamento) values ('60','05361','ITUANGO','1');
Insert into activosfijos.ciudades (id_ciudad,codigo_dane,nombre,id_departamento) values ('61','05364','JARDIN','1');
Insert into activosfijos.ciudades (id_ciudad,codigo_dane,nombre,id_departamento) values ('62','05368','JERICO','1');
Insert into activosfijos.ciudades (id_ciudad,codigo_dane,nombre,id_departamento) values ('63','05376','LA CEJA','1');
Insert into activosfijos.ciudades (id_ciudad,codigo_dane,nombre,id_departamento) values ('64','05380','LA ESTRELLA','1');
Insert into activosfijos.ciudades (id_ciudad,codigo_dane,nombre,id_departamento) values ('65','05390','LA PINTADA','1');
Insert into activosfijos.ciudades (id_ciudad,codigo_dane,nombre,id_departamento) values ('66','05400','LA UNION','1');
Insert into activosfijos.ciudades (id_ciudad,codigo_dane,nombre,id_departamento) values ('67','05411','LIBORINA','1');
Insert into activosfijos.ciudades (id_ciudad,codigo_dane,nombre,id_departamento) values ('68','05425','MACEO','1');
Insert into activosfijos.ciudades (id_ciudad,codigo_dane,nombre,id_departamento) values ('69','05440','MARINILLA','1');
Insert into activosfijos.ciudades (id_ciudad,codigo_dane,nombre,id_departamento) values ('70','05467','MONTEBELLO','1');
Insert into activosfijos.ciudades (id_ciudad,codigo_dane,nombre,id_departamento) values ('71','05475','MURINDO','1');
Insert into activosfijos.ciudades (id_ciudad,codigo_dane,nombre,id_departamento) values ('72','05480','MUTATA','1');
Insert into activosfijos.ciudades (id_ciudad,codigo_dane,nombre,id_departamento) values ('73','05483','NARI?O','1');
Insert into activosfijos.ciudades (id_ciudad,codigo_dane,nombre,id_departamento) values ('74','05490','NECOCLI','1');
Insert into activosfijos.ciudades (id_ciudad,codigo_dane,nombre,id_departamento) values ('75','05495','NECHI','1');
Insert into activosfijos.ciudades (id_ciudad,codigo_dane,nombre,id_departamento) values ('76','05501','OLAYA','1');
Insert into activosfijos.ciudades (id_ciudad,codigo_dane,nombre,id_departamento) values ('77','05541','PE?OL','1');
Insert into activosfijos.ciudades (id_ciudad,codigo_dane,nombre,id_departamento) values ('78','05543','PEQUE','1');
Insert into activosfijos.ciudades (id_ciudad,codigo_dane,nombre,id_departamento) values ('79','05576','PUEBLORRICO','1');
Insert into activosfijos.ciudades (id_ciudad,codigo_dane,nombre,id_departamento) values ('80','05579','PUERTO BERRIO','1');
Insert into activosfijos.ciudades (id_ciudad,codigo_dane,nombre,id_departamento) values ('81','05585','PUERTO NARE','1');
Insert into activosfijos.ciudades (id_ciudad,codigo_dane,nombre,id_departamento) values ('82','05591','PUERTO TRIUNFO','1');
Insert into activosfijos.ciudades (id_ciudad,codigo_dane,nombre,id_departamento) values ('83','05604','REMEDIOS','1');
Insert into activosfijos.ciudades (id_ciudad,codigo_dane,nombre,id_departamento) values ('84','05607','RETIRO','1');
Insert into activosfijos.ciudades (id_ciudad,codigo_dane,nombre,id_departamento) values ('85','05615','RIONEGRO','1');
Insert into activosfijos.ciudades (id_ciudad,codigo_dane,nombre,id_departamento) values ('86','05628','SABANALARGA','1');
Insert into activosfijos.ciudades (id_ciudad,codigo_dane,nombre,id_departamento) values ('87','05631','SABANETA','1');
Insert into activosfijos.ciudades (id_ciudad,codigo_dane,nombre,id_departamento) values ('88','05642','SALGAR','1');
Insert into activosfijos.ciudades (id_ciudad,codigo_dane,nombre,id_departamento) values ('89','05647','SAN ANDRES DE CUERQUIA','1');
Insert into activosfijos.ciudades (id_ciudad,codigo_dane,nombre,id_departamento) values ('90','05649','SAN CARLOS','1');
Insert into activosfijos.ciudades (id_ciudad,codigo_dane,nombre,id_departamento) values ('91','05652','SAN FRANCISCO','1');
Insert into activosfijos.ciudades (id_ciudad,codigo_dane,nombre,id_departamento) values ('92','05656','SAN JERONIMO','1');
Insert into activosfijos.ciudades (id_ciudad,codigo_dane,nombre,id_departamento) values ('93','05658','SAN JOSE DE LA MONTA?A','1');
Insert into activosfijos.ciudades (id_ciudad,codigo_dane,nombre,id_departamento) values ('94','05659','SAN JUAN DE URABA','1');
Insert into activosfijos.ciudades (id_ciudad,codigo_dane,nombre,id_departamento) values ('95','05660','SAN LUIS','1');
Insert into activosfijos.ciudades (id_ciudad,codigo_dane,nombre,id_departamento) values ('96','05664','SAN PEDRO DE LOS MILAGROS','1');
Insert into activosfijos.ciudades (id_ciudad,codigo_dane,nombre,id_departamento) values ('97','05665','SAN PEDRO DE URABA','1');
Insert into activosfijos.ciudades (id_ciudad,codigo_dane,nombre,id_departamento) values ('98','05667','SAN RAFAEL','1');
Insert into activosfijos.ciudades (id_ciudad,codigo_dane,nombre,id_departamento) values ('99','05670','SAN ROQUE','1');
Insert into activosfijos.ciudades (id_ciudad,codigo_dane,nombre,id_departamento) values ('100','05674','SAN VICENTE FERRER','1');
Insert into activosfijos.ciudades (id_ciudad,codigo_dane,nombre,id_departamento) values ('101','05679','SANTA BARBARA','1');
Insert into activosfijos.ciudades (id_ciudad,codigo_dane,nombre,id_departamento) values ('102','05686','SANTA ROSA DE OSOS','1');
Insert into activosfijos.ciudades (id_ciudad,codigo_dane,nombre,id_departamento) values ('103','05690','SANTO DOMINGO','1');
Insert into activosfijos.ciudades (id_ciudad,codigo_dane,nombre,id_departamento) values ('104','05697','EL SANTUARIO','1');
Insert into activosfijos.ciudades (id_ciudad,codigo_dane,nombre,id_departamento) values ('105','05736','SEGOVIA','1');
Insert into activosfijos.ciudades (id_ciudad,codigo_dane,nombre,id_departamento) values ('106','05756','SONSON','1');
Insert into activosfijos.ciudades (id_ciudad,codigo_dane,nombre,id_departamento) values ('107','05761','SOPETRAN','1');
Insert into activosfijos.ciudades (id_ciudad,codigo_dane,nombre,id_departamento) values ('108','05789','TAMESIS','1');
Insert into activosfijos.ciudades (id_ciudad,codigo_dane,nombre,id_departamento) values ('109','05790','TARAZA','1');
Insert into activosfijos.ciudades (id_ciudad,codigo_dane,nombre,id_departamento) values ('110','05792','TARSO','1');
Insert into activosfijos.ciudades (id_ciudad,codigo_dane,nombre,id_departamento) values ('111','05809','TITIRIBI','1');
Insert into activosfijos.ciudades (id_ciudad,codigo_dane,nombre,id_departamento) values ('112','05819','TOLEDO','1');
Insert into activosfijos.ciudades (id_ciudad,codigo_dane,nombre,id_departamento) values ('113','05837','TURBO','1');
Insert into activosfijos.ciudades (id_ciudad,codigo_dane,nombre,id_departamento) values ('114','05842','URAMITA','1');
Insert into activosfijos.ciudades (id_ciudad,codigo_dane,nombre,id_departamento) values ('115','05847','URRAO','1');
Insert into activosfijos.ciudades (id_ciudad,codigo_dane,nombre,id_departamento) values ('116','05854','VALDIVIA','1');
Insert into activosfijos.ciudades (id_ciudad,codigo_dane,nombre,id_departamento) values ('117','05856','VALPARAISO','1');
Insert into activosfijos.ciudades (id_ciudad,codigo_dane,nombre,id_departamento) values ('118','05858','VEGACHI','1');
Insert into activosfijos.ciudades (id_ciudad,codigo_dane,nombre,id_departamento) values ('119','05861','VENECIA','1');
Insert into activosfijos.ciudades (id_ciudad,codigo_dane,nombre,id_departamento) values ('120','05873','VIGIA DEL FUERTE','1');
Insert into activosfijos.ciudades (id_ciudad,codigo_dane,nombre,id_departamento) values ('121','05885','YALI','1');
Insert into activosfijos.ciudades (id_ciudad,codigo_dane,nombre,id_departamento) values ('122','05887','YARUMAL','1');
Insert into activosfijos.ciudades (id_ciudad,codigo_dane,nombre,id_departamento) values ('123','05890','YOLOMBO','1');
Insert into activosfijos.ciudades (id_ciudad,codigo_dane,nombre,id_departamento) values ('124','05893','YONDO','1');
Insert into activosfijos.ciudades (id_ciudad,codigo_dane,nombre,id_departamento) values ('125','05895','ZARAGOZA','1');
Insert into activosfijos.ciudades (id_ciudad,codigo_dane,nombre,id_departamento) values ('126','08001','BARRANQUILLA','2');
Insert into activosfijos.ciudades (id_ciudad,codigo_dane,nombre,id_departamento) values ('127','08078','BARANOA','2');
Insert into activosfijos.ciudades (id_ciudad,codigo_dane,nombre,id_departamento) values ('128','08137','CAMPO DE LA CRUZ','2');
Insert into activosfijos.ciudades (id_ciudad,codigo_dane,nombre,id_departamento) values ('129','08141','CANDELARIA','2');
Insert into activosfijos.ciudades (id_ciudad,codigo_dane,nombre,id_departamento) values ('130','08296','GALAPA','2');
Insert into activosfijos.ciudades (id_ciudad,codigo_dane,nombre,id_departamento) values ('131','08372','JUAN DE ACOSTA','2');
Insert into activosfijos.ciudades (id_ciudad,codigo_dane,nombre,id_departamento) values ('132','08421','LURUACO','2');
Insert into activosfijos.ciudades (id_ciudad,codigo_dane,nombre,id_departamento) values ('133','08433','MALAMBO','2');
Insert into activosfijos.ciudades (id_ciudad,codigo_dane,nombre,id_departamento) values ('134','08436','MANATI','2');
Insert into activosfijos.ciudades (id_ciudad,codigo_dane,nombre,id_departamento) values ('135','08520','PALMAR DE VARELA','2');
Insert into activosfijos.ciudades (id_ciudad,codigo_dane,nombre,id_departamento) values ('136','08549','PIOJO','2');
Insert into activosfijos.ciudades (id_ciudad,codigo_dane,nombre,id_departamento) values ('137','08558','POLONUEVO','2');
Insert into activosfijos.ciudades (id_ciudad,codigo_dane,nombre,id_departamento) values ('138','08560','PONEDERA','2');
Insert into activosfijos.ciudades (id_ciudad,codigo_dane,nombre,id_departamento) values ('139','08573','PUERTO COLOMBIA','2');
Insert into activosfijos.ciudades (id_ciudad,codigo_dane,nombre,id_departamento) values ('140','08606','REPELON','2');
Insert into activosfijos.ciudades (id_ciudad,codigo_dane,nombre,id_departamento) values ('141','08634','SABANAGRANDE','2');
Insert into activosfijos.ciudades (id_ciudad,codigo_dane,nombre,id_departamento) values ('142','08638','SABANALARGA','2');
Insert into activosfijos.ciudades (id_ciudad,codigo_dane,nombre,id_departamento) values ('143','08675','SANTA LUCIA','2');
Insert into activosfijos.ciudades (id_ciudad,codigo_dane,nombre,id_departamento) values ('144','08685','SANTO TOMAS','2');
Insert into activosfijos.ciudades (id_ciudad,codigo_dane,nombre,id_departamento) values ('145','08758','SOLEDAD','2');
Insert into activosfijos.ciudades (id_ciudad,codigo_dane,nombre,id_departamento) values ('146','08770','SUAN','2');
Insert into activosfijos.ciudades (id_ciudad,codigo_dane,nombre,id_departamento) values ('147','08832','TUBARA','2');
Insert into activosfijos.ciudades (id_ciudad,codigo_dane,nombre,id_departamento) values ('148','08849','USIACURI','2');
Insert into activosfijos.ciudades (id_ciudad,codigo_dane,nombre,id_departamento) values ('149','11001','BOGOTA, D.C.','3');
Insert into activosfijos.ciudades (id_ciudad,codigo_dane,nombre,id_departamento) values ('150','13001','CARTAGENA DE INDIAS','4');
Insert into activosfijos.ciudades (id_ciudad,codigo_dane,nombre,id_departamento) values ('151','13006','ACHI','4');
Insert into activosfijos.ciudades (id_ciudad,codigo_dane,nombre,id_departamento) values ('152','13030','ALTOS DEL ROSARIO','4');
Insert into activosfijos.ciudades (id_ciudad,codigo_dane,nombre,id_departamento) values ('153','13042','ARENAL','4');
Insert into activosfijos.ciudades (id_ciudad,codigo_dane,nombre,id_departamento) values ('154','13052','ARJONA','4');
Insert into activosfijos.ciudades (id_ciudad,codigo_dane,nombre,id_departamento) values ('155','13062','ARROYOHONDO','4');
Insert into activosfijos.ciudades (id_ciudad,codigo_dane,nombre,id_departamento) values ('156','13074','BARRANCO DE LOBA','4');
Insert into activosfijos.ciudades (id_ciudad,codigo_dane,nombre,id_departamento) values ('157','13140','CALAMAR','4');
Insert into activosfijos.ciudades (id_ciudad,codigo_dane,nombre,id_departamento) values ('158','13160','CANTAGALLO','4');
Insert into activosfijos.ciudades (id_ciudad,codigo_dane,nombre,id_departamento) values ('159','13188','CICUCO','4');
Insert into activosfijos.ciudades (id_ciudad,codigo_dane,nombre,id_departamento) values ('160','13212','CORDOBA','4');
Insert into activosfijos.ciudades (id_ciudad,codigo_dane,nombre,id_departamento) values ('161','13222','CLEMENCIA','4');
Insert into activosfijos.ciudades (id_ciudad,codigo_dane,nombre,id_departamento) values ('162','13244','EL CARMEN DE BOLIVAR','4');
Insert into activosfijos.ciudades (id_ciudad,codigo_dane,nombre,id_departamento) values ('163','13248','EL GUAMO','4');
Insert into activosfijos.ciudades (id_ciudad,codigo_dane,nombre,id_departamento) values ('164','13268','EL PE?ON','4');
Insert into activosfijos.ciudades (id_ciudad,codigo_dane,nombre,id_departamento) values ('165','13300','HATILLO DE LOBA','4');
Insert into activosfijos.ciudades (id_ciudad,codigo_dane,nombre,id_departamento) values ('166','13430','MAGANGUE','4');
Insert into activosfijos.ciudades (id_ciudad,codigo_dane,nombre,id_departamento) values ('167','13433','MAHATES','4');
Insert into activosfijos.ciudades (id_ciudad,codigo_dane,nombre,id_departamento) values ('168','13440','MARGARITA','4');
Insert into activosfijos.ciudades (id_ciudad,codigo_dane,nombre,id_departamento) values ('169','13442','MARIA LA BAJA','4');
Insert into activosfijos.ciudades (id_ciudad,codigo_dane,nombre,id_departamento) values ('170','13458','MONTECRISTO','4');
Insert into activosfijos.ciudades (id_ciudad,codigo_dane,nombre,id_departamento) values ('171','13468','MOMPOS','4');
Insert into activosfijos.ciudades (id_ciudad,codigo_dane,nombre,id_departamento) values ('172','13473','MORALES','4');
Insert into activosfijos.ciudades (id_ciudad,codigo_dane,nombre,id_departamento) values ('173','13490','NOROSI','4');
Insert into activosfijos.ciudades (id_ciudad,codigo_dane,nombre,id_departamento) values ('174','13549','PINILLOS','4');
Insert into activosfijos.ciudades (id_ciudad,codigo_dane,nombre,id_departamento) values ('175','13580','REGIDOR','4');
Insert into activosfijos.ciudades (id_ciudad,codigo_dane,nombre,id_departamento) values ('176','13600','RIO VIEJO','4');
Insert into activosfijos.ciudades (id_ciudad,codigo_dane,nombre,id_departamento) values ('177','13620','SAN CRISTOBAL','4');
Insert into activosfijos.ciudades (id_ciudad,codigo_dane,nombre,id_departamento) values ('178','13647','SAN ESTANISLAO','4');
Insert into activosfijos.ciudades (id_ciudad,codigo_dane,nombre,id_departamento) values ('179','13650','SAN FERNANDO','4');
Insert into activosfijos.ciudades (id_ciudad,codigo_dane,nombre,id_departamento) values ('180','13654','SAN JACINTO','4');
Insert into activosfijos.ciudades (id_ciudad,codigo_dane,nombre,id_departamento) values ('181','13655','SAN JACINTO DEL CAUCA','4');
Insert into activosfijos.ciudades (id_ciudad,codigo_dane,nombre,id_departamento) values ('182','13657','SAN JUAN NEPOMUCENO','4');
Insert into activosfijos.ciudades (id_ciudad,codigo_dane,nombre,id_departamento) values ('183','13667','SAN MARTIN DE LOBA','4');
Insert into activosfijos.ciudades (id_ciudad,codigo_dane,nombre,id_departamento) values ('184','13670','SAN PABLO','4');
Insert into activosfijos.ciudades (id_ciudad,codigo_dane,nombre,id_departamento) values ('185','13673','SANTA CATALINA','4');
Insert into activosfijos.ciudades (id_ciudad,codigo_dane,nombre,id_departamento) values ('186','13683','SANTA ROSA','4');
Insert into activosfijos.ciudades (id_ciudad,codigo_dane,nombre,id_departamento) values ('187','13688','SANTA ROSA DEL SUR','4');
Insert into activosfijos.ciudades (id_ciudad,codigo_dane,nombre,id_departamento) values ('188','13744','SIMITI','4');
Insert into activosfijos.ciudades (id_ciudad,codigo_dane,nombre,id_departamento) values ('189','13760','SOPLAVIENTO','4');
Insert into activosfijos.ciudades (id_ciudad,codigo_dane,nombre,id_departamento) values ('190','13780','TALAIGUA NUEVO','4');
Insert into activosfijos.ciudades (id_ciudad,codigo_dane,nombre,id_departamento) values ('191','13810','TIQUISIO','4');
Insert into activosfijos.ciudades (id_ciudad,codigo_dane,nombre,id_departamento) values ('192','13836','TURBACO','4');
Insert into activosfijos.ciudades (id_ciudad,codigo_dane,nombre,id_departamento) values ('193','13838','TURBANA','4');
Insert into activosfijos.ciudades (id_ciudad,codigo_dane,nombre,id_departamento) values ('194','13873','VILLANUEVA','4');
Insert into activosfijos.ciudades (id_ciudad,codigo_dane,nombre,id_departamento) values ('195','13894','ZAMBRANO','4');
Insert into activosfijos.ciudades (id_ciudad,codigo_dane,nombre,id_departamento) values ('196','15001','TUNJA','5');
Insert into activosfijos.ciudades (id_ciudad,codigo_dane,nombre,id_departamento) values ('197','15022','ALMEIDA','5');
Insert into activosfijos.ciudades (id_ciudad,codigo_dane,nombre,id_departamento) values ('198','15047','AQUITANIA','5');
Insert into activosfijos.ciudades (id_ciudad,codigo_dane,nombre,id_departamento) values ('199','15051','ARCABUCO','5');
Insert into activosfijos.ciudades (id_ciudad,codigo_dane,nombre,id_departamento) values ('200','15087','BELEN','5');
Insert into activosfijos.ciudades (id_ciudad,codigo_dane,nombre,id_departamento) values ('201','15090','BERBEO','5');
Insert into activosfijos.ciudades (id_ciudad,codigo_dane,nombre,id_departamento) values ('202','15092','BETEITIVA','5');
Insert into activosfijos.ciudades (id_ciudad,codigo_dane,nombre,id_departamento) values ('203','15097','BOAVITA','5');
Insert into activosfijos.ciudades (id_ciudad,codigo_dane,nombre,id_departamento) values ('204','15104','BOYACA','5');
Insert into activosfijos.ciudades (id_ciudad,codigo_dane,nombre,id_departamento) values ('205','15106','BRICE?O','5');
Insert into activosfijos.ciudades (id_ciudad,codigo_dane,nombre,id_departamento) values ('206','15109','BUENAVISTA','5');
Insert into activosfijos.ciudades (id_ciudad,codigo_dane,nombre,id_departamento) values ('207','15114','BUSBANZA','5');
Insert into activosfijos.ciudades (id_ciudad,codigo_dane,nombre,id_departamento) values ('208','15131','CALDAS','5');
Insert into activosfijos.ciudades (id_ciudad,codigo_dane,nombre,id_departamento) values ('209','15135','CAMPOHERMOSO','5');
Insert into activosfijos.ciudades (id_ciudad,codigo_dane,nombre,id_departamento) values ('210','15162','CERINZA','5');
Insert into activosfijos.ciudades (id_ciudad,codigo_dane,nombre,id_departamento) values ('211','15172','CHINAVITA','5');
Insert into activosfijos.ciudades (id_ciudad,codigo_dane,nombre,id_departamento) values ('212','15176','CHIQUINQUIRA','5');
Insert into activosfijos.ciudades (id_ciudad,codigo_dane,nombre,id_departamento) values ('213','15180','CHISCAS','5');
Insert into activosfijos.ciudades (id_ciudad,codigo_dane,nombre,id_departamento) values ('214','15183','CHITA','5');
Insert into activosfijos.ciudades (id_ciudad,codigo_dane,nombre,id_departamento) values ('215','15185','CHITARAQUE','5');
Insert into activosfijos.ciudades (id_ciudad,codigo_dane,nombre,id_departamento) values ('216','15187','CHIVATA','5');
Insert into activosfijos.ciudades (id_ciudad,codigo_dane,nombre,id_departamento) values ('217','15189','CIENEGA','5');
Insert into activosfijos.ciudades (id_ciudad,codigo_dane,nombre,id_departamento) values ('218','15204','COMBITA','5');
Insert into activosfijos.ciudades (id_ciudad,codigo_dane,nombre,id_departamento) values ('219','15212','COPER','5');
Insert into activosfijos.ciudades (id_ciudad,codigo_dane,nombre,id_departamento) values ('220','15215','CORRALES','5');
Insert into activosfijos.ciudades (id_ciudad,codigo_dane,nombre,id_departamento) values ('221','15218','COVARACHIA','5');
Insert into activosfijos.ciudades (id_ciudad,codigo_dane,nombre,id_departamento) values ('222','15223','CUBARA','5');
Insert into activosfijos.ciudades (id_ciudad,codigo_dane,nombre,id_departamento) values ('223','15224','CUCAITA','5');
Insert into activosfijos.ciudades (id_ciudad,codigo_dane,nombre,id_departamento) values ('224','15226','CUITIVA','5');
Insert into activosfijos.ciudades (id_ciudad,codigo_dane,nombre,id_departamento) values ('225','15232','CHIQUIZA','5');
Insert into activosfijos.ciudades (id_ciudad,codigo_dane,nombre,id_departamento) values ('226','15236','CHIVOR','5');
Insert into activosfijos.ciudades (id_ciudad,codigo_dane,nombre,id_departamento) values ('227','15238','DUITAMA','5');
Insert into activosfijos.ciudades (id_ciudad,codigo_dane,nombre,id_departamento) values ('228','15244','EL COCUY','5');
Insert into activosfijos.ciudades (id_ciudad,codigo_dane,nombre,id_departamento) values ('229','15248','EL ESPINO','5');
Insert into activosfijos.ciudades (id_ciudad,codigo_dane,nombre,id_departamento) values ('230','15272','FIRAVITOBA','5');
Insert into activosfijos.ciudades (id_ciudad,codigo_dane,nombre,id_departamento) values ('231','15276','FLORESTA','5');
Insert into activosfijos.ciudades (id_ciudad,codigo_dane,nombre,id_departamento) values ('232','15293','GACHANTIVA','5');
Insert into activosfijos.ciudades (id_ciudad,codigo_dane,nombre,id_departamento) values ('233','15296','GAMEZA','5');
Insert into activosfijos.ciudades (id_ciudad,codigo_dane,nombre,id_departamento) values ('234','15299','GARAGOA','5');
Insert into activosfijos.ciudades (id_ciudad,codigo_dane,nombre,id_departamento) values ('235','15317','GUACAMAYAS','5');
Insert into activosfijos.ciudades (id_ciudad,codigo_dane,nombre,id_departamento) values ('236','15322','GUATEQUE','5');
Insert into activosfijos.ciudades (id_ciudad,codigo_dane,nombre,id_departamento) values ('237','15325','GUAYATA','5');
Insert into activosfijos.ciudades (id_ciudad,codigo_dane,nombre,id_departamento) values ('238','15332','GUICAN','5');
Insert into activosfijos.ciudades (id_ciudad,codigo_dane,nombre,id_departamento) values ('239','15362','IZA','5');
Insert into activosfijos.ciudades (id_ciudad,codigo_dane,nombre,id_departamento) values ('240','15367','JENESANO','5');
Insert into activosfijos.ciudades (id_ciudad,codigo_dane,nombre,id_departamento) values ('241','15368','JERICO','5');
Insert into activosfijos.ciudades (id_ciudad,codigo_dane,nombre,id_departamento) values ('242','15377','LABRANZAGRANDE','5');
Insert into activosfijos.ciudades (id_ciudad,codigo_dane,nombre,id_departamento) values ('243','15380','LA CAPILLA','5');
Insert into activosfijos.ciudades (id_ciudad,codigo_dane,nombre,id_departamento) values ('244','15401','LA VICTORIA','5');
Insert into activosfijos.ciudades (id_ciudad,codigo_dane,nombre,id_departamento) values ('245','15403','LA UVITA','5');
Insert into activosfijos.ciudades (id_ciudad,codigo_dane,nombre,id_departamento) values ('246','15407','VILLA DE LEYVA','5');
Insert into activosfijos.ciudades (id_ciudad,codigo_dane,nombre,id_departamento) values ('247','15425','MACANAL','5');
Insert into activosfijos.ciudades (id_ciudad,codigo_dane,nombre,id_departamento) values ('248','15442','MARIPI','5');
Insert into activosfijos.ciudades (id_ciudad,codigo_dane,nombre,id_departamento) values ('249','15455','MIRAFLORES','5');
Insert into activosfijos.ciudades (id_ciudad,codigo_dane,nombre,id_departamento) values ('250','15464','MONGUA','5');
Insert into activosfijos.ciudades (id_ciudad,codigo_dane,nombre,id_departamento) values ('251','15466','MONGUI','5');
Insert into activosfijos.ciudades (id_ciudad,codigo_dane,nombre,id_departamento) values ('252','15469','MONIQUIRA','5');
Insert into activosfijos.ciudades (id_ciudad,codigo_dane,nombre,id_departamento) values ('253','15476','MOTAVITA','5');
Insert into activosfijos.ciudades (id_ciudad,codigo_dane,nombre,id_departamento) values ('254','15480','MUZO','5');
Insert into activosfijos.ciudades (id_ciudad,codigo_dane,nombre,id_departamento) values ('255','15491','NOBSA','5');
Insert into activosfijos.ciudades (id_ciudad,codigo_dane,nombre,id_departamento) values ('256','15494','NUEVO COLON','5');
Insert into activosfijos.ciudades (id_ciudad,codigo_dane,nombre,id_departamento) values ('257','15500','OICATA','5');
Insert into activosfijos.ciudades (id_ciudad,codigo_dane,nombre,id_departamento) values ('258','15507','OTANCHE','5');
Insert into activosfijos.ciudades (id_ciudad,codigo_dane,nombre,id_departamento) values ('259','15511','PACHAVITA','5');
Insert into activosfijos.ciudades (id_ciudad,codigo_dane,nombre,id_departamento) values ('260','15514','PAEZ','5');
Insert into activosfijos.ciudades (id_ciudad,codigo_dane,nombre,id_departamento) values ('261','15516','PAIPA','5');
Insert into activosfijos.ciudades (id_ciudad,codigo_dane,nombre,id_departamento) values ('262','15518','PAJARITO','5');
Insert into activosfijos.ciudades (id_ciudad,codigo_dane,nombre,id_departamento) values ('263','15522','PANQUEBA','5');
Insert into activosfijos.ciudades (id_ciudad,codigo_dane,nombre,id_departamento) values ('264','15531','PAUNA','5');
Insert into activosfijos.ciudades (id_ciudad,codigo_dane,nombre,id_departamento) values ('265','15533','PAYA','5');
Insert into activosfijos.ciudades (id_ciudad,codigo_dane,nombre,id_departamento) values ('266','15537','PAZ DE RIO','5');
Insert into activosfijos.ciudades (id_ciudad,codigo_dane,nombre,id_departamento) values ('267','15542','PESCA','5');
Insert into activosfijos.ciudades (id_ciudad,codigo_dane,nombre,id_departamento) values ('268','15550','PISBA','5');
Insert into activosfijos.ciudades (id_ciudad,codigo_dane,nombre,id_departamento) values ('269','15572','PUERTO BOYACA','5');
Insert into activosfijos.ciudades (id_ciudad,codigo_dane,nombre,id_departamento) values ('270','15580','QUIPAMA','5');
Insert into activosfijos.ciudades (id_ciudad,codigo_dane,nombre,id_departamento) values ('271','15599','RAMIRIQUI','5');
Insert into activosfijos.ciudades (id_ciudad,codigo_dane,nombre,id_departamento) values ('272','15600','RAQUIRA','5');
Insert into activosfijos.ciudades (id_ciudad,codigo_dane,nombre,id_departamento) values ('273','15621','RONDON','5');
Insert into activosfijos.ciudades (id_ciudad,codigo_dane,nombre,id_departamento) values ('274','15632','SABOYA','5');
Insert into activosfijos.ciudades (id_ciudad,codigo_dane,nombre,id_departamento) values ('275','15638','SACHICA','5');
Insert into activosfijos.ciudades (id_ciudad,codigo_dane,nombre,id_departamento) values ('276','15646','SAMACA','5');
Insert into activosfijos.ciudades (id_ciudad,codigo_dane,nombre,id_departamento) values ('277','15660','SAN EDUARDO','5');
Insert into activosfijos.ciudades (id_ciudad,codigo_dane,nombre,id_departamento) values ('278','15664','SAN JOSE DE PARE','5');
Insert into activosfijos.ciudades (id_ciudad,codigo_dane,nombre,id_departamento) values ('279','15667','SAN LUIS DE GACENO','5');
Insert into activosfijos.ciudades (id_ciudad,codigo_dane,nombre,id_departamento) values ('280','15673','SAN MATEO','5');
Insert into activosfijos.ciudades (id_ciudad,codigo_dane,nombre,id_departamento) values ('281','15676','SAN MIGUEL DE SEMA','5');
Insert into activosfijos.ciudades (id_ciudad,codigo_dane,nombre,id_departamento) values ('282','15681','SAN PABLO DE BORBUR','5');
Insert into activosfijos.ciudades (id_ciudad,codigo_dane,nombre,id_departamento) values ('283','15686','SANTANA','5');
Insert into activosfijos.ciudades (id_ciudad,codigo_dane,nombre,id_departamento) values ('284','15690','SANTA MARIA','5');
Insert into activosfijos.ciudades (id_ciudad,codigo_dane,nombre,id_departamento) values ('285','15693','SANTA ROSA DE VITERBO','5');
Insert into activosfijos.ciudades (id_ciudad,codigo_dane,nombre,id_departamento) values ('286','15696','SANTA SOFIA','5');
Insert into activosfijos.ciudades (id_ciudad,codigo_dane,nombre,id_departamento) values ('287','15720','SATIVANORTE','5');
Insert into activosfijos.ciudades (id_ciudad,codigo_dane,nombre,id_departamento) values ('288','15723','SATIVASUR','5');
Insert into activosfijos.ciudades (id_ciudad,codigo_dane,nombre,id_departamento) values ('289','15740','SIACHOQUE','5');
Insert into activosfijos.ciudades (id_ciudad,codigo_dane,nombre,id_departamento) values ('290','15753','SOATA','5');
Insert into activosfijos.ciudades (id_ciudad,codigo_dane,nombre,id_departamento) values ('291','15755','SOCOTA','5');
Insert into activosfijos.ciudades (id_ciudad,codigo_dane,nombre,id_departamento) values ('292','15757','SOCHA','5');
Insert into activosfijos.ciudades (id_ciudad,codigo_dane,nombre,id_departamento) values ('293','15759','SOGAMOSO','5');
Insert into activosfijos.ciudades (id_ciudad,codigo_dane,nombre,id_departamento) values ('294','15761','SOMONDOCO','5');
Insert into activosfijos.ciudades (id_ciudad,codigo_dane,nombre,id_departamento) values ('295','15762','SORA','5');
Insert into activosfijos.ciudades (id_ciudad,codigo_dane,nombre,id_departamento) values ('296','15763','SOTAQUIRA','5');
Insert into activosfijos.ciudades (id_ciudad,codigo_dane,nombre,id_departamento) values ('297','15764','SORACA','5');
Insert into activosfijos.ciudades (id_ciudad,codigo_dane,nombre,id_departamento) values ('298','15774','SUSACON','5');
Insert into activosfijos.ciudades (id_ciudad,codigo_dane,nombre,id_departamento) values ('299','15776','SUTAMARCHAN','5');
Insert into activosfijos.ciudades (id_ciudad,codigo_dane,nombre,id_departamento) values ('300','15778','SUTATENZA','5');
Insert into activosfijos.ciudades (id_ciudad,codigo_dane,nombre,id_departamento) values ('301','15790','TASCO','5');
Insert into activosfijos.ciudades (id_ciudad,codigo_dane,nombre,id_departamento) values ('302','15798','TENZA','5');
Insert into activosfijos.ciudades (id_ciudad,codigo_dane,nombre,id_departamento) values ('303','15804','TIBANA','5');
Insert into activosfijos.ciudades (id_ciudad,codigo_dane,nombre,id_departamento) values ('304','15806','TIBASOSA','5');
Insert into activosfijos.ciudades (id_ciudad,codigo_dane,nombre,id_departamento) values ('305','15808','TINJACA','5');
Insert into activosfijos.ciudades (id_ciudad,codigo_dane,nombre,id_departamento) values ('306','15810','TIPACOQUE','5');
Insert into activosfijos.ciudades (id_ciudad,codigo_dane,nombre,id_departamento) values ('307','15814','TOCA','5');
Insert into activosfijos.ciudades (id_ciudad,codigo_dane,nombre,id_departamento) values ('308','15816','TOGUI','5');
Insert into activosfijos.ciudades (id_ciudad,codigo_dane,nombre,id_departamento) values ('309','15820','TOPAGA','5');
Insert into activosfijos.ciudades (id_ciudad,codigo_dane,nombre,id_departamento) values ('310','15822','TOTA','5');
Insert into activosfijos.ciudades (id_ciudad,codigo_dane,nombre,id_departamento) values ('311','15832','TUNUNGUA','5');
Insert into activosfijos.ciudades (id_ciudad,codigo_dane,nombre,id_departamento) values ('312','15835','TURMEQUE','5');
Insert into activosfijos.ciudades (id_ciudad,codigo_dane,nombre,id_departamento) values ('313','15837','TUTA','5');
Insert into activosfijos.ciudades (id_ciudad,codigo_dane,nombre,id_departamento) values ('314','15839','TUTAZA','5');
Insert into activosfijos.ciudades (id_ciudad,codigo_dane,nombre,id_departamento) values ('315','15842','UMBITA','5');
Insert into activosfijos.ciudades (id_ciudad,codigo_dane,nombre,id_departamento) values ('316','15861','VENTAQUEMADA','5');
Insert into activosfijos.ciudades (id_ciudad,codigo_dane,nombre,id_departamento) values ('317','15879','VIRACACHA','5');
Insert into activosfijos.ciudades (id_ciudad,codigo_dane,nombre,id_departamento) values ('318','15897','ZETAQUIRA','5');
Insert into activosfijos.ciudades (id_ciudad,codigo_dane,nombre,id_departamento) values ('319','17001','MANIZALES','6');
Insert into activosfijos.ciudades (id_ciudad,codigo_dane,nombre,id_departamento) values ('320','17013','AGUADAS','6');
Insert into activosfijos.ciudades (id_ciudad,codigo_dane,nombre,id_departamento) values ('321','17042','ANSERMA','6');
Insert into activosfijos.ciudades (id_ciudad,codigo_dane,nombre,id_departamento) values ('322','17050','ARANZAZU','6');
Insert into activosfijos.ciudades (id_ciudad,codigo_dane,nombre,id_departamento) values ('323','17088','BELALCAZAR','6');
Insert into activosfijos.ciudades (id_ciudad,codigo_dane,nombre,id_departamento) values ('324','17174','CHINCHINA','6');
Insert into activosfijos.ciudades (id_ciudad,codigo_dane,nombre,id_departamento) values ('325','17272','FILADELFIA','6');
Insert into activosfijos.ciudades (id_ciudad,codigo_dane,nombre,id_departamento) values ('326','17380','LA DORADA','6');
Insert into activosfijos.ciudades (id_ciudad,codigo_dane,nombre,id_departamento) values ('327','17388','LA MERCED','6');
Insert into activosfijos.ciudades (id_ciudad,codigo_dane,nombre,id_departamento) values ('328','17433','MANZANARES','6');
Insert into activosfijos.ciudades (id_ciudad,codigo_dane,nombre,id_departamento) values ('329','17442','MARMATO','6');
Insert into activosfijos.ciudades (id_ciudad,codigo_dane,nombre,id_departamento) values ('330','17444','MARQUETALIA','6');
Insert into activosfijos.ciudades (id_ciudad,codigo_dane,nombre,id_departamento) values ('331','17446','MARULANDA','6');
Insert into activosfijos.ciudades (id_ciudad,codigo_dane,nombre,id_departamento) values ('332','17486','NEIRA','6');
Insert into activosfijos.ciudades (id_ciudad,codigo_dane,nombre,id_departamento) values ('333','17495','NORCASIA','6');
Insert into activosfijos.ciudades (id_ciudad,codigo_dane,nombre,id_departamento) values ('334','17513','PACORA','6');
Insert into activosfijos.ciudades (id_ciudad,codigo_dane,nombre,id_departamento) values ('335','17524','PALESTINA','6');
Insert into activosfijos.ciudades (id_ciudad,codigo_dane,nombre,id_departamento) values ('336','17541','PENSILVANIA','6');
Insert into activosfijos.ciudades (id_ciudad,codigo_dane,nombre,id_departamento) values ('337','17614','RIOSUCIO','6');
Insert into activosfijos.ciudades (id_ciudad,codigo_dane,nombre,id_departamento) values ('338','17616','RISARALDA','6');
Insert into activosfijos.ciudades (id_ciudad,codigo_dane,nombre,id_departamento) values ('339','17653','SALAMINA','6');
Insert into activosfijos.ciudades (id_ciudad,codigo_dane,nombre,id_departamento) values ('340','17662','SAMANA','6');
Insert into activosfijos.ciudades (id_ciudad,codigo_dane,nombre,id_departamento) values ('341','17665','SAN JOSE','6');
Insert into activosfijos.ciudades (id_ciudad,codigo_dane,nombre,id_departamento) values ('342','17777','SUPIA','6');
Insert into activosfijos.ciudades (id_ciudad,codigo_dane,nombre,id_departamento) values ('343','17867','VICTORIA','6');
Insert into activosfijos.ciudades (id_ciudad,codigo_dane,nombre,id_departamento) values ('344','17873','VILLAMARIA','6');
Insert into activosfijos.ciudades (id_ciudad,codigo_dane,nombre,id_departamento) values ('345','17877','VITERBO','6');
Insert into activosfijos.ciudades (id_ciudad,codigo_dane,nombre,id_departamento) values ('346','18001','FLORENCIA','7');
Insert into activosfijos.ciudades (id_ciudad,codigo_dane,nombre,id_departamento) values ('347','18029','ALBANIA','7');
Insert into activosfijos.ciudades (id_ciudad,codigo_dane,nombre,id_departamento) values ('348','18094','BELEN DE LOS ANDAQUIES','7');
Insert into activosfijos.ciudades (id_ciudad,codigo_dane,nombre,id_departamento) values ('349','18150','CARTAGENA DEL CHAIRA','7');
Insert into activosfijos.ciudades (id_ciudad,codigo_dane,nombre,id_departamento) values ('350','18205','CURILLO','7');
Insert into activosfijos.ciudades (id_ciudad,codigo_dane,nombre,id_departamento) values ('351','18247','EL DONCELLO','7');
Insert into activosfijos.ciudades (id_ciudad,codigo_dane,nombre,id_departamento) values ('352','18256','EL PAUJIL','7');
Insert into activosfijos.ciudades (id_ciudad,codigo_dane,nombre,id_departamento) values ('353','18410','LA MONTA?ITA','7');
Insert into activosfijos.ciudades (id_ciudad,codigo_dane,nombre,id_departamento) values ('354','18460','MILAN','7');
Insert into activosfijos.ciudades (id_ciudad,codigo_dane,nombre,id_departamento) values ('355','18479','MORELIA','7');
Insert into activosfijos.ciudades (id_ciudad,codigo_dane,nombre,id_departamento) values ('356','18592','PUERTO RICO','7');
Insert into activosfijos.ciudades (id_ciudad,codigo_dane,nombre,id_departamento) values ('357','18610','SAN JOSE DEL FRAGUA','7');
Insert into activosfijos.ciudades (id_ciudad,codigo_dane,nombre,id_departamento) values ('358','18753','SAN VICENTE DEL CAGUAN','7');
Insert into activosfijos.ciudades (id_ciudad,codigo_dane,nombre,id_departamento) values ('359','18756','SOLANO','7');
Insert into activosfijos.ciudades (id_ciudad,codigo_dane,nombre,id_departamento) values ('360','18785','SOLITA','7');
Insert into activosfijos.ciudades (id_ciudad,codigo_dane,nombre,id_departamento) values ('361','18860','VALPARAISO','7');
Insert into activosfijos.ciudades (id_ciudad,codigo_dane,nombre,id_departamento) values ('362','19001','POPAYAN','8');
Insert into activosfijos.ciudades (id_ciudad,codigo_dane,nombre,id_departamento) values ('363','19022','ALMAGUER','8');
Insert into activosfijos.ciudades (id_ciudad,codigo_dane,nombre,id_departamento) values ('364','19050','ARGELIA','8');
Insert into activosfijos.ciudades (id_ciudad,codigo_dane,nombre,id_departamento) values ('365','19075','BALBOA','8');
Insert into activosfijos.ciudades (id_ciudad,codigo_dane,nombre,id_departamento) values ('366','19100','BOLIVAR','8');
Insert into activosfijos.ciudades (id_ciudad,codigo_dane,nombre,id_departamento) values ('367','19110','BUENOS AIRES','8');
Insert into activosfijos.ciudades (id_ciudad,codigo_dane,nombre,id_departamento) values ('368','19130','CAJIBIO','8');
Insert into activosfijos.ciudades (id_ciudad,codigo_dane,nombre,id_departamento) values ('369','19137','CALDONO','8');
Insert into activosfijos.ciudades (id_ciudad,codigo_dane,nombre,id_departamento) values ('370','19142','CALOTO','8');
Insert into activosfijos.ciudades (id_ciudad,codigo_dane,nombre,id_departamento) values ('371','19212','CORINTO','8');
Insert into activosfijos.ciudades (id_ciudad,codigo_dane,nombre,id_departamento) values ('372','19256','EL TAMBO','8');
Insert into activosfijos.ciudades (id_ciudad,codigo_dane,nombre,id_departamento) values ('373','19290','FLORENCIA','8');
Insert into activosfijos.ciudades (id_ciudad,codigo_dane,nombre,id_departamento) values ('374','19300','GUACHENE','8');
Insert into activosfijos.ciudades (id_ciudad,codigo_dane,nombre,id_departamento) values ('375','19318','GUAPI','8');
Insert into activosfijos.ciudades (id_ciudad,codigo_dane,nombre,id_departamento) values ('376','19355','INZA','8');
Insert into activosfijos.ciudades (id_ciudad,codigo_dane,nombre,id_departamento) values ('377','19364','JAMBALO','8');
Insert into activosfijos.ciudades (id_ciudad,codigo_dane,nombre,id_departamento) values ('378','19392','LA SIERRA','8');
Insert into activosfijos.ciudades (id_ciudad,codigo_dane,nombre,id_departamento) values ('379','19397','LA VEGA','8');
Insert into activosfijos.ciudades (id_ciudad,codigo_dane,nombre,id_departamento) values ('380','19418','LOPEZ DE MICAY','8');
Insert into activosfijos.ciudades (id_ciudad,codigo_dane,nombre,id_departamento) values ('381','19450','MERCADERES','8');
Insert into activosfijos.ciudades (id_ciudad,codigo_dane,nombre,id_departamento) values ('382','19455','MIRANDA','8');
Insert into activosfijos.ciudades (id_ciudad,codigo_dane,nombre,id_departamento) values ('383','19473','MORALES','8');
Insert into activosfijos.ciudades (id_ciudad,codigo_dane,nombre,id_departamento) values ('384','19513','PADILLA','8');
Insert into activosfijos.ciudades (id_ciudad,codigo_dane,nombre,id_departamento) values ('385','19517','PAEZ','8');
Insert into activosfijos.ciudades (id_ciudad,codigo_dane,nombre,id_departamento) values ('386','19532','PATIA','8');
Insert into activosfijos.ciudades (id_ciudad,codigo_dane,nombre,id_departamento) values ('387','19533','PIAMONTE','8');
Insert into activosfijos.ciudades (id_ciudad,codigo_dane,nombre,id_departamento) values ('388','19548','PIENDAMO','8');
Insert into activosfijos.ciudades (id_ciudad,codigo_dane,nombre,id_departamento) values ('389','19573','PUERTO TEJADA','8');
Insert into activosfijos.ciudades (id_ciudad,codigo_dane,nombre,id_departamento) values ('390','19585','PURACE','8');
Insert into activosfijos.ciudades (id_ciudad,codigo_dane,nombre,id_departamento) values ('391','19622','ROSAS','8');
Insert into activosfijos.ciudades (id_ciudad,codigo_dane,nombre,id_departamento) values ('392','19693','SAN SEBASTIAN','8');
Insert into activosfijos.ciudades (id_ciudad,codigo_dane,nombre,id_departamento) values ('393','19698','SANTANDER DE QUILICHAO','8');
Insert into activosfijos.ciudades (id_ciudad,codigo_dane,nombre,id_departamento) values ('394','19701','SANTA ROSA','8');
Insert into activosfijos.ciudades (id_ciudad,codigo_dane,nombre,id_departamento) values ('395','19743','SILVIA','8');
Insert into activosfijos.ciudades (id_ciudad,codigo_dane,nombre,id_departamento) values ('396','19760','SOTARA','8');
Insert into activosfijos.ciudades (id_ciudad,codigo_dane,nombre,id_departamento) values ('397','19780','SUAREZ','8');
Insert into activosfijos.ciudades (id_ciudad,codigo_dane,nombre,id_departamento) values ('398','19785','SUCRE','8');
Insert into activosfijos.ciudades (id_ciudad,codigo_dane,nombre,id_departamento) values ('399','19807','TIMBIO','8');
Insert into activosfijos.ciudades (id_ciudad,codigo_dane,nombre,id_departamento) values ('400','19809','TIMBIQUI','8');
Insert into activosfijos.ciudades (id_ciudad,codigo_dane,nombre,id_departamento) values ('401','19821','TORIBIO','8');
Insert into activosfijos.ciudades (id_ciudad,codigo_dane,nombre,id_departamento) values ('402','19824','TOTORO','8');
Insert into activosfijos.ciudades (id_ciudad,codigo_dane,nombre,id_departamento) values ('403','19845','VILLA RICA','8');
Insert into activosfijos.ciudades (id_ciudad,codigo_dane,nombre,id_departamento) values ('404','20001','VALLEDUPAR','9');
Insert into activosfijos.ciudades (id_ciudad,codigo_dane,nombre,id_departamento) values ('405','20011','AGUACHICA','9');
Insert into activosfijos.ciudades (id_ciudad,codigo_dane,nombre,id_departamento) values ('406','20013','AGUSTIN CODAZZI','9');
Insert into activosfijos.ciudades (id_ciudad,codigo_dane,nombre,id_departamento) values ('407','20032','ASTREA','9');
Insert into activosfijos.ciudades (id_ciudad,codigo_dane,nombre,id_departamento) values ('408','20045','BECERRIL','9');
Insert into activosfijos.ciudades (id_ciudad,codigo_dane,nombre,id_departamento) values ('409','20060','BOSCONIA','9');
Insert into activosfijos.ciudades (id_ciudad,codigo_dane,nombre,id_departamento) values ('410','20175','CHIMICHAGUA','9');
Insert into activosfijos.ciudades (id_ciudad,codigo_dane,nombre,id_departamento) values ('411','20178','CHIRIGUANA','9');
Insert into activosfijos.ciudades (id_ciudad,codigo_dane,nombre,id_departamento) values ('412','20228','CURUMANI','9');
Insert into activosfijos.ciudades (id_ciudad,codigo_dane,nombre,id_departamento) values ('413','20238','EL COPEY','9');
Insert into activosfijos.ciudades (id_ciudad,codigo_dane,nombre,id_departamento) values ('414','20250','EL PASO','9');
Insert into activosfijos.ciudades (id_ciudad,codigo_dane,nombre,id_departamento) values ('415','20295','GAMARRA','9');
Insert into activosfijos.ciudades (id_ciudad,codigo_dane,nombre,id_departamento) values ('416','20310','GONZALEZ','9');
Insert into activosfijos.ciudades (id_ciudad,codigo_dane,nombre,id_departamento) values ('417','20383','LA GLORIA','9');
Insert into activosfijos.ciudades (id_ciudad,codigo_dane,nombre,id_departamento) values ('418','20400','LA JAGUA DE IBIRICO','9');
Insert into activosfijos.ciudades (id_ciudad,codigo_dane,nombre,id_departamento) values ('419','20443','MANAURE BALCON DEL CESAR','9');
Insert into activosfijos.ciudades (id_ciudad,codigo_dane,nombre,id_departamento) values ('420','20517','PAILITAS','9');
Insert into activosfijos.ciudades (id_ciudad,codigo_dane,nombre,id_departamento) values ('421','20550','PELAYA','9');
Insert into activosfijos.ciudades (id_ciudad,codigo_dane,nombre,id_departamento) values ('422','20570','PUEBLO BELLO','9');
Insert into activosfijos.ciudades (id_ciudad,codigo_dane,nombre,id_departamento) values ('423','20614','RIO DE ORO','9');
Insert into activosfijos.ciudades (id_ciudad,codigo_dane,nombre,id_departamento) values ('424','20621','LA PAZ','9');
Insert into activosfijos.ciudades (id_ciudad,codigo_dane,nombre,id_departamento) values ('425','20710','SAN ALBERTO','9');
Insert into activosfijos.ciudades (id_ciudad,codigo_dane,nombre,id_departamento) values ('426','20750','SAN DIEGO','9');
Insert into activosfijos.ciudades (id_ciudad,codigo_dane,nombre,id_departamento) values ('427','20770','SAN MARTIN','9');
Insert into activosfijos.ciudades (id_ciudad,codigo_dane,nombre,id_departamento) values ('428','20787','TAMALAMEQUE','9');
Insert into activosfijos.ciudades (id_ciudad,codigo_dane,nombre,id_departamento) values ('429','23001','MONTERIA','10');
Insert into activosfijos.ciudades (id_ciudad,codigo_dane,nombre,id_departamento) values ('430','23068','AYAPEL','10');
Insert into activosfijos.ciudades (id_ciudad,codigo_dane,nombre,id_departamento) values ('431','23079','BUENAVISTA','10');
Insert into activosfijos.ciudades (id_ciudad,codigo_dane,nombre,id_departamento) values ('432','23090','CANALETE','10');
Insert into activosfijos.ciudades (id_ciudad,codigo_dane,nombre,id_departamento) values ('433','23162','CERETE','10');
Insert into activosfijos.ciudades (id_ciudad,codigo_dane,nombre,id_departamento) values ('434','23168','CHIMA','10');
Insert into activosfijos.ciudades (id_ciudad,codigo_dane,nombre,id_departamento) values ('435','23182','CHINU','10');
Insert into activosfijos.ciudades (id_ciudad,codigo_dane,nombre,id_departamento) values ('436','23189','CIENAGA DE ORO','10');
Insert into activosfijos.ciudades (id_ciudad,codigo_dane,nombre,id_departamento) values ('437','23300','COTORRA','10');
Insert into activosfijos.ciudades (id_ciudad,codigo_dane,nombre,id_departamento) values ('438','23350','LA APARTADA','10');
Insert into activosfijos.ciudades (id_ciudad,codigo_dane,nombre,id_departamento) values ('439','23417','LORICA','10');
Insert into activosfijos.ciudades (id_ciudad,codigo_dane,nombre,id_departamento) values ('440','23419','LOS CORDOBAS','10');
Insert into activosfijos.ciudades (id_ciudad,codigo_dane,nombre,id_departamento) values ('441','23464','MOMIL','10');
Insert into activosfijos.ciudades (id_ciudad,codigo_dane,nombre,id_departamento) values ('442','23466','MONTELIBANO','10');
Insert into activosfijos.ciudades (id_ciudad,codigo_dane,nombre,id_departamento) values ('443','23500','MO?ITOS','10');
Insert into activosfijos.ciudades (id_ciudad,codigo_dane,nombre,id_departamento) values ('444','23555','PLANETA RICA','10');
Insert into activosfijos.ciudades (id_ciudad,codigo_dane,nombre,id_departamento) values ('445','23570','PUEBLO NUEVO','10');
Insert into activosfijos.ciudades (id_ciudad,codigo_dane,nombre,id_departamento) values ('446','23574','PUERTO ESCONDIDO','10');
Insert into activosfijos.ciudades (id_ciudad,codigo_dane,nombre,id_departamento) values ('447','23580','PUERTO LIBERTADOR','10');
Insert into activosfijos.ciudades (id_ciudad,codigo_dane,nombre,id_departamento) values ('448','23586','PURISIMA DE LA CONCEPCION','10');
Insert into activosfijos.ciudades (id_ciudad,codigo_dane,nombre,id_departamento) values ('449','23660','SAHAGUN','10');
Insert into activosfijos.ciudades (id_ciudad,codigo_dane,nombre,id_departamento) values ('450','23670','SAN ANDRES DE SOTAVENTO','10');
Insert into activosfijos.ciudades (id_ciudad,codigo_dane,nombre,id_departamento) values ('451','23672','SAN ANTERO','10');
Insert into activosfijos.ciudades (id_ciudad,codigo_dane,nombre,id_departamento) values ('452','23675','SAN BERNARDO DEL VIENTO','10');
Insert into activosfijos.ciudades (id_ciudad,codigo_dane,nombre,id_departamento) values ('453','23678','SAN CARLOS','10');
Insert into activosfijos.ciudades (id_ciudad,codigo_dane,nombre,id_departamento) values ('454','23682','SAN JOSE DE URE','10');
Insert into activosfijos.ciudades (id_ciudad,codigo_dane,nombre,id_departamento) values ('455','23686','SAN PELAYO','10');
Insert into activosfijos.ciudades (id_ciudad,codigo_dane,nombre,id_departamento) values ('456','23807','TIERRALTA','10');
Insert into activosfijos.ciudades (id_ciudad,codigo_dane,nombre,id_departamento) values ('457','23815','TUCHIN','10');
Insert into activosfijos.ciudades (id_ciudad,codigo_dane,nombre,id_departamento) values ('458','23855','VALENCIA','10');
Insert into activosfijos.ciudades (id_ciudad,codigo_dane,nombre,id_departamento) values ('459','25001','AGUA DE DIOS','11');
Insert into activosfijos.ciudades (id_ciudad,codigo_dane,nombre,id_departamento) values ('460','25019','ALBAN','11');
Insert into activosfijos.ciudades (id_ciudad,codigo_dane,nombre,id_departamento) values ('461','25035','ANAPOIMA','11');
Insert into activosfijos.ciudades (id_ciudad,codigo_dane,nombre,id_departamento) values ('462','25040','ANOLAIMA','11');
Insert into activosfijos.ciudades (id_ciudad,codigo_dane,nombre,id_departamento) values ('463','25053','ARBELAEZ','11');
Insert into activosfijos.ciudades (id_ciudad,codigo_dane,nombre,id_departamento) values ('464','25086','BELTRAN','11');
Insert into activosfijos.ciudades (id_ciudad,codigo_dane,nombre,id_departamento) values ('465','25095','BITUIMA','11');
Insert into activosfijos.ciudades (id_ciudad,codigo_dane,nombre,id_departamento) values ('466','25099','BOJACA','11');
Insert into activosfijos.ciudades (id_ciudad,codigo_dane,nombre,id_departamento) values ('467','25120','CABRERA','11');
Insert into activosfijos.ciudades (id_ciudad,codigo_dane,nombre,id_departamento) values ('468','25123','CACHIPAY','11');
Insert into activosfijos.ciudades (id_ciudad,codigo_dane,nombre,id_departamento) values ('469','25126','CAJICA','11');
Insert into activosfijos.ciudades (id_ciudad,codigo_dane,nombre,id_departamento) values ('470','25148','CAPARRAPI','11');
Insert into activosfijos.ciudades (id_ciudad,codigo_dane,nombre,id_departamento) values ('471','25151','CAQUEZA','11');
Insert into activosfijos.ciudades (id_ciudad,codigo_dane,nombre,id_departamento) values ('472','25154','CARMEN DE CARUPA','11');
Insert into activosfijos.ciudades (id_ciudad,codigo_dane,nombre,id_departamento) values ('473','25168','CHAGUANI','11');
Insert into activosfijos.ciudades (id_ciudad,codigo_dane,nombre,id_departamento) values ('474','25175','CHIA','11');
Insert into activosfijos.ciudades (id_ciudad,codigo_dane,nombre,id_departamento) values ('475','25178','CHIPAQUE','11');
Insert into activosfijos.ciudades (id_ciudad,codigo_dane,nombre,id_departamento) values ('476','25181','CHOACHI','11');
Insert into activosfijos.ciudades (id_ciudad,codigo_dane,nombre,id_departamento) values ('477','25183','CHOCONTA','11');
Insert into activosfijos.ciudades (id_ciudad,codigo_dane,nombre,id_departamento) values ('478','25200','COGUA','11');
Insert into activosfijos.ciudades (id_ciudad,codigo_dane,nombre,id_departamento) values ('479','25214','COTA','11');
Insert into activosfijos.ciudades (id_ciudad,codigo_dane,nombre,id_departamento) values ('480','25224','CUCUNUBA','11');
Insert into activosfijos.ciudades (id_ciudad,codigo_dane,nombre,id_departamento) values ('481','25245','EL COLEGIO','11');
Insert into activosfijos.ciudades (id_ciudad,codigo_dane,nombre,id_departamento) values ('482','25258','EL PE?ON','11');
Insert into activosfijos.ciudades (id_ciudad,codigo_dane,nombre,id_departamento) values ('483','25260','EL ROSAL','11');
Insert into activosfijos.ciudades (id_ciudad,codigo_dane,nombre,id_departamento) values ('484','25269','FACATATIVA','11');
Insert into activosfijos.ciudades (id_ciudad,codigo_dane,nombre,id_departamento) values ('485','25279','FOMEQUE','11');
Insert into activosfijos.ciudades (id_ciudad,codigo_dane,nombre,id_departamento) values ('486','25281','FOSCA','11');
Insert into activosfijos.ciudades (id_ciudad,codigo_dane,nombre,id_departamento) values ('487','25286','FUNZA','11');
Insert into activosfijos.ciudades (id_ciudad,codigo_dane,nombre,id_departamento) values ('488','25288','FUQUENE','11');
Insert into activosfijos.ciudades (id_ciudad,codigo_dane,nombre,id_departamento) values ('489','25290','FUSAGASUGA','11');
Insert into activosfijos.ciudades (id_ciudad,codigo_dane,nombre,id_departamento) values ('490','25293','GACHALA','11');
Insert into activosfijos.ciudades (id_ciudad,codigo_dane,nombre,id_departamento) values ('491','25295','GACHANCIPA','11');
Insert into activosfijos.ciudades (id_ciudad,codigo_dane,nombre,id_departamento) values ('492','25297','GACHETA','11');
Insert into activosfijos.ciudades (id_ciudad,codigo_dane,nombre,id_departamento) values ('493','25299','GAMA','11');
Insert into activosfijos.ciudades (id_ciudad,codigo_dane,nombre,id_departamento) values ('494','25307','GIRARDOT','11');
Insert into activosfijos.ciudades (id_ciudad,codigo_dane,nombre,id_departamento) values ('495','25312','GRANADA','11');
Insert into activosfijos.ciudades (id_ciudad,codigo_dane,nombre,id_departamento) values ('496','25317','GUACHETA','11');
Insert into activosfijos.ciudades (id_ciudad,codigo_dane,nombre,id_departamento) values ('497','25320','GUADUAS','11');
Insert into activosfijos.ciudades (id_ciudad,codigo_dane,nombre,id_departamento) values ('498','25322','GUASCA','11');
Insert into activosfijos.ciudades (id_ciudad,codigo_dane,nombre,id_departamento) values ('499','25324','GUATAQUI','11');
Insert into activosfijos.ciudades (id_ciudad,codigo_dane,nombre,id_departamento) values ('500','25326','GUATAVITA','11');
Insert into activosfijos.ciudades (id_ciudad,codigo_dane,nombre,id_departamento) values ('501','25328','GUAYABAL DE SIQUIMA','11');
Insert into activosfijos.ciudades (id_ciudad,codigo_dane,nombre,id_departamento) values ('502','25335','GUAYABETAL','11');
Insert into activosfijos.ciudades (id_ciudad,codigo_dane,nombre,id_departamento) values ('503','25339','GUTIERREZ','11');
Insert into activosfijos.ciudades (id_ciudad,codigo_dane,nombre,id_departamento) values ('504','25368','JERUSALEN','11');
Insert into activosfijos.ciudades (id_ciudad,codigo_dane,nombre,id_departamento) values ('505','25372','JUNIN','11');
Insert into activosfijos.ciudades (id_ciudad,codigo_dane,nombre,id_departamento) values ('506','25377','LA CALERA','11');
Insert into activosfijos.ciudades (id_ciudad,codigo_dane,nombre,id_departamento) values ('507','25386','LA MESA','11');
Insert into activosfijos.ciudades (id_ciudad,codigo_dane,nombre,id_departamento) values ('508','25394','LA PALMA','11');
Insert into activosfijos.ciudades (id_ciudad,codigo_dane,nombre,id_departamento) values ('509','25398','LA PE?A','11');
Insert into activosfijos.ciudades (id_ciudad,codigo_dane,nombre,id_departamento) values ('510','25402','LA VEGA','11');
Insert into activosfijos.ciudades (id_ciudad,codigo_dane,nombre,id_departamento) values ('511','25407','LENGUAZAQUE','11');
Insert into activosfijos.ciudades (id_ciudad,codigo_dane,nombre,id_departamento) values ('512','25426','MACHETA','11');
Insert into activosfijos.ciudades (id_ciudad,codigo_dane,nombre,id_departamento) values ('513','25430','MADRID','11');
Insert into activosfijos.ciudades (id_ciudad,codigo_dane,nombre,id_departamento) values ('514','25436','MANTA','11');
Insert into activosfijos.ciudades (id_ciudad,codigo_dane,nombre,id_departamento) values ('515','25438','MEDINA','11');
Insert into activosfijos.ciudades (id_ciudad,codigo_dane,nombre,id_departamento) values ('516','25473','MOSQUERA','11');
Insert into activosfijos.ciudades (id_ciudad,codigo_dane,nombre,id_departamento) values ('517','25483','NARI?O','11');
Insert into activosfijos.ciudades (id_ciudad,codigo_dane,nombre,id_departamento) values ('518','25486','NEMOCON','11');
Insert into activosfijos.ciudades (id_ciudad,codigo_dane,nombre,id_departamento) values ('519','25488','NILO','11');
Insert into activosfijos.ciudades (id_ciudad,codigo_dane,nombre,id_departamento) values ('520','25489','NIMAIMA','11');
Insert into activosfijos.ciudades (id_ciudad,codigo_dane,nombre,id_departamento) values ('521','25491','NOCAIMA','11');
Insert into activosfijos.ciudades (id_ciudad,codigo_dane,nombre,id_departamento) values ('522','25506','VENECIA','11');
Insert into activosfijos.ciudades (id_ciudad,codigo_dane,nombre,id_departamento) values ('523','25513','PACHO','11');
Insert into activosfijos.ciudades (id_ciudad,codigo_dane,nombre,id_departamento) values ('524','25518','PAIME','11');
Insert into activosfijos.ciudades (id_ciudad,codigo_dane,nombre,id_departamento) values ('525','25524','PANDI','11');
Insert into activosfijos.ciudades (id_ciudad,codigo_dane,nombre,id_departamento) values ('526','25530','PARATEBUENO','11');
Insert into activosfijos.ciudades (id_ciudad,codigo_dane,nombre,id_departamento) values ('527','25535','PASCA','11');
Insert into activosfijos.ciudades (id_ciudad,codigo_dane,nombre,id_departamento) values ('528','25572','PUERTO SALGAR','11');
Insert into activosfijos.ciudades (id_ciudad,codigo_dane,nombre,id_departamento) values ('529','25580','PULI','11');
Insert into activosfijos.ciudades (id_ciudad,codigo_dane,nombre,id_departamento) values ('530','25592','QUEBRADANEGRA','11');
Insert into activosfijos.ciudades (id_ciudad,codigo_dane,nombre,id_departamento) values ('531','25594','QUETAME','11');
Insert into activosfijos.ciudades (id_ciudad,codigo_dane,nombre,id_departamento) values ('532','25596','QUIPILE','11');
Insert into activosfijos.ciudades (id_ciudad,codigo_dane,nombre,id_departamento) values ('533','25599','APULO','11');
Insert into activosfijos.ciudades (id_ciudad,codigo_dane,nombre,id_departamento) values ('534','25612','RICAURTE','11');
Insert into activosfijos.ciudades (id_ciudad,codigo_dane,nombre,id_departamento) values ('535','25645','SAN ANTONIO DEL TEQUENDAMA','11');
Insert into activosfijos.ciudades (id_ciudad,codigo_dane,nombre,id_departamento) values ('536','25649','SAN BERNARDO','11');
Insert into activosfijos.ciudades (id_ciudad,codigo_dane,nombre,id_departamento) values ('537','25653','SAN CAYETANO','11');
Insert into activosfijos.ciudades (id_ciudad,codigo_dane,nombre,id_departamento) values ('538','25658','SAN FRANCISCO','11');
Insert into activosfijos.ciudades (id_ciudad,codigo_dane,nombre,id_departamento) values ('539','25662','SAN JUAN DE RIOSECO','11');
Insert into activosfijos.ciudades (id_ciudad,codigo_dane,nombre,id_departamento) values ('540','25718','SASAIMA','11');
Insert into activosfijos.ciudades (id_ciudad,codigo_dane,nombre,id_departamento) values ('541','25736','SESQUILE','11');
Insert into activosfijos.ciudades (id_ciudad,codigo_dane,nombre,id_departamento) values ('542','25740','SIBATE','11');
Insert into activosfijos.ciudades (id_ciudad,codigo_dane,nombre,id_departamento) values ('543','25743','SILVANIA','11');
Insert into activosfijos.ciudades (id_ciudad,codigo_dane,nombre,id_departamento) values ('544','25745','SIMIJACA','11');
Insert into activosfijos.ciudades (id_ciudad,codigo_dane,nombre,id_departamento) values ('545','25754','SOACHA','11');
Insert into activosfijos.ciudades (id_ciudad,codigo_dane,nombre,id_departamento) values ('546','25758','SOPO','11');
Insert into activosfijos.ciudades (id_ciudad,codigo_dane,nombre,id_departamento) values ('547','25769','SUBACHOQUE','11');
Insert into activosfijos.ciudades (id_ciudad,codigo_dane,nombre,id_departamento) values ('548','25772','SUESCA','11');
Insert into activosfijos.ciudades (id_ciudad,codigo_dane,nombre,id_departamento) values ('549','25777','SUPATA','11');
Insert into activosfijos.ciudades (id_ciudad,codigo_dane,nombre,id_departamento) values ('550','25779','SUSA','11');
Insert into activosfijos.ciudades (id_ciudad,codigo_dane,nombre,id_departamento) values ('551','25781','SUTATAUSA','11');
Insert into activosfijos.ciudades (id_ciudad,codigo_dane,nombre,id_departamento) values ('552','25785','TABIO','11');
Insert into activosfijos.ciudades (id_ciudad,codigo_dane,nombre,id_departamento) values ('553','25793','TAUSA','11');
Insert into activosfijos.ciudades (id_ciudad,codigo_dane,nombre,id_departamento) values ('554','25797','TENA','11');
Insert into activosfijos.ciudades (id_ciudad,codigo_dane,nombre,id_departamento) values ('555','25799','TENJO','11');
Insert into activosfijos.ciudades (id_ciudad,codigo_dane,nombre,id_departamento) values ('556','25805','TIBACUY','11');
Insert into activosfijos.ciudades (id_ciudad,codigo_dane,nombre,id_departamento) values ('557','25807','TIBIRITA','11');
Insert into activosfijos.ciudades (id_ciudad,codigo_dane,nombre,id_departamento) values ('558','25815','TOCAIMA','11');
Insert into activosfijos.ciudades (id_ciudad,codigo_dane,nombre,id_departamento) values ('559','25817','TOCANCIPA','11');
Insert into activosfijos.ciudades (id_ciudad,codigo_dane,nombre,id_departamento) values ('560','25823','TOPAIPI','11');
Insert into activosfijos.ciudades (id_ciudad,codigo_dane,nombre,id_departamento) values ('561','25839','UBALA','11');
Insert into activosfijos.ciudades (id_ciudad,codigo_dane,nombre,id_departamento) values ('562','25841','UBAQUE','11');
Insert into activosfijos.ciudades (id_ciudad,codigo_dane,nombre,id_departamento) values ('563','25843','VILLA DE SAN DIEGO DE UBATE','11');
Insert into activosfijos.ciudades (id_ciudad,codigo_dane,nombre,id_departamento) values ('564','25845','UNE','11');
Insert into activosfijos.ciudades (id_ciudad,codigo_dane,nombre,id_departamento) values ('565','25851','UTICA','11');
Insert into activosfijos.ciudades (id_ciudad,codigo_dane,nombre,id_departamento) values ('566','25862','VERGARA','11');
Insert into activosfijos.ciudades (id_ciudad,codigo_dane,nombre,id_departamento) values ('567','25867','VIANI','11');
Insert into activosfijos.ciudades (id_ciudad,codigo_dane,nombre,id_departamento) values ('568','25871','VILLAGOMEZ','11');
Insert into activosfijos.ciudades (id_ciudad,codigo_dane,nombre,id_departamento) values ('569','25873','VILLAPINZON','11');
Insert into activosfijos.ciudades (id_ciudad,codigo_dane,nombre,id_departamento) values ('570','25875','VILLETA','11');
Insert into activosfijos.ciudades (id_ciudad,codigo_dane,nombre,id_departamento) values ('571','25878','VIOTA','11');
Insert into activosfijos.ciudades (id_ciudad,codigo_dane,nombre,id_departamento) values ('572','25885','YACOPI','11');
Insert into activosfijos.ciudades (id_ciudad,codigo_dane,nombre,id_departamento) values ('573','25898','ZIPACON','11');
Insert into activosfijos.ciudades (id_ciudad,codigo_dane,nombre,id_departamento) values ('574','25899','ZIPAQUIRA','11');
Insert into activosfijos.ciudades (id_ciudad,codigo_dane,nombre,id_departamento) values ('575','27001','QUIBDO','12');
Insert into activosfijos.ciudades (id_ciudad,codigo_dane,nombre,id_departamento) values ('576','27006','ACANDI','12');
Insert into activosfijos.ciudades (id_ciudad,codigo_dane,nombre,id_departamento) values ('577','27025','ALTO BAUDO','12');
Insert into activosfijos.ciudades (id_ciudad,codigo_dane,nombre,id_departamento) values ('578','27050','ATRATO','12');
Insert into activosfijos.ciudades (id_ciudad,codigo_dane,nombre,id_departamento) values ('579','27073','BAGADO','12');
Insert into activosfijos.ciudades (id_ciudad,codigo_dane,nombre,id_departamento) values ('580','27075','BAHIA SOLANO','12');
Insert into activosfijos.ciudades (id_ciudad,codigo_dane,nombre,id_departamento) values ('581','27077','BAJO BAUDO','12');
Insert into activosfijos.ciudades (id_ciudad,codigo_dane,nombre,id_departamento) values ('582','27099','BOJAYA','12');
Insert into activosfijos.ciudades (id_ciudad,codigo_dane,nombre,id_departamento) values ('583','27135','EL CANTON DEL SAN PABLO','12');
Insert into activosfijos.ciudades (id_ciudad,codigo_dane,nombre,id_departamento) values ('584','27150','CARMEN DEL DARIEN','12');
Insert into activosfijos.ciudades (id_ciudad,codigo_dane,nombre,id_departamento) values ('585','27160','CERTEGUI','12');
Insert into activosfijos.ciudades (id_ciudad,codigo_dane,nombre,id_departamento) values ('586','27205','CONDOTO','12');
Insert into activosfijos.ciudades (id_ciudad,codigo_dane,nombre,id_departamento) values ('587','27245','EL CARMEN DE ATRATO','12');
Insert into activosfijos.ciudades (id_ciudad,codigo_dane,nombre,id_departamento) values ('588','27250','EL LITORAL DEL SAN JUAN','12');
Insert into activosfijos.ciudades (id_ciudad,codigo_dane,nombre,id_departamento) values ('589','27361','ISTMINA','12');
Insert into activosfijos.ciudades (id_ciudad,codigo_dane,nombre,id_departamento) values ('590','27372','JURADO','12');
Insert into activosfijos.ciudades (id_ciudad,codigo_dane,nombre,id_departamento) values ('591','27413','LLORO','12');
Insert into activosfijos.ciudades (id_ciudad,codigo_dane,nombre,id_departamento) values ('592','27425','MEDIO ATRATO','12');
Insert into activosfijos.ciudades (id_ciudad,codigo_dane,nombre,id_departamento) values ('593','27430','MEDIO BAUDO','12');
Insert into activosfijos.ciudades (id_ciudad,codigo_dane,nombre,id_departamento) values ('594','27450','MEDIO SAN JUAN','12');
Insert into activosfijos.ciudades (id_ciudad,codigo_dane,nombre,id_departamento) values ('595','27491','NOVITA','12');
Insert into activosfijos.ciudades (id_ciudad,codigo_dane,nombre,id_departamento) values ('596','27495','NUQUI','12');
Insert into activosfijos.ciudades (id_ciudad,codigo_dane,nombre,id_departamento) values ('597','27580','RIO IRO','12');
Insert into activosfijos.ciudades (id_ciudad,codigo_dane,nombre,id_departamento) values ('598','27600','RIO QUITO','12');
Insert into activosfijos.ciudades (id_ciudad,codigo_dane,nombre,id_departamento) values ('599','27615','RIOSUCIO','12');
Insert into activosfijos.ciudades (id_ciudad,codigo_dane,nombre,id_departamento) values ('600','27660','SAN JOSE DEL PALMAR','12');
Insert into activosfijos.ciudades (id_ciudad,codigo_dane,nombre,id_departamento) values ('601','27745','SIPI','12');
Insert into activosfijos.ciudades (id_ciudad,codigo_dane,nombre,id_departamento) values ('602','27787','TADO','12');
Insert into activosfijos.ciudades (id_ciudad,codigo_dane,nombre,id_departamento) values ('603','27800','UNGUIA','12');
Insert into activosfijos.ciudades (id_ciudad,codigo_dane,nombre,id_departamento) values ('604','27810','UNION PANAMERICANA','12');
Insert into activosfijos.ciudades (id_ciudad,codigo_dane,nombre,id_departamento) values ('605','41001','NEIVA','13');
Insert into activosfijos.ciudades (id_ciudad,codigo_dane,nombre,id_departamento) values ('606','41006','ACEVEDO','13');
Insert into activosfijos.ciudades (id_ciudad,codigo_dane,nombre,id_departamento) values ('607','41013','AGRADO','13');
Insert into activosfijos.ciudades (id_ciudad,codigo_dane,nombre,id_departamento) values ('608','41016','AIPE','13');
Insert into activosfijos.ciudades (id_ciudad,codigo_dane,nombre,id_departamento) values ('609','41020','ALGECIRAS','13');
Insert into activosfijos.ciudades (id_ciudad,codigo_dane,nombre,id_departamento) values ('610','41026','ALTAMIRA','13');
Insert into activosfijos.ciudades (id_ciudad,codigo_dane,nombre,id_departamento) values ('611','41078','BARAYA','13');
Insert into activosfijos.ciudades (id_ciudad,codigo_dane,nombre,id_departamento) values ('612','41132','CAMPOALEGRE','13');
Insert into activosfijos.ciudades (id_ciudad,codigo_dane,nombre,id_departamento) values ('613','41206','COLOMBIA','13');
Insert into activosfijos.ciudades (id_ciudad,codigo_dane,nombre,id_departamento) values ('614','41244','ELIAS','13');
Insert into activosfijos.ciudades (id_ciudad,codigo_dane,nombre,id_departamento) values ('615','41298','GARZON','13');
Insert into activosfijos.ciudades (id_ciudad,codigo_dane,nombre,id_departamento) values ('616','41306','GIGANTE','13');
Insert into activosfijos.ciudades (id_ciudad,codigo_dane,nombre,id_departamento) values ('617','41319','GUADALUPE','13');
Insert into activosfijos.ciudades (id_ciudad,codigo_dane,nombre,id_departamento) values ('618','41349','HOBO','13');
Insert into activosfijos.ciudades (id_ciudad,codigo_dane,nombre,id_departamento) values ('619','41357','IQUIRA','13');
Insert into activosfijos.ciudades (id_ciudad,codigo_dane,nombre,id_departamento) values ('620','41359','ISNOS','13');
Insert into activosfijos.ciudades (id_ciudad,codigo_dane,nombre,id_departamento) values ('621','41378','LA ARGENTINA','13');
Insert into activosfijos.ciudades (id_ciudad,codigo_dane,nombre,id_departamento) values ('622','41396','LA PLATA','13');
Insert into activosfijos.ciudades (id_ciudad,codigo_dane,nombre,id_departamento) values ('623','41483','NATAGA','13');
Insert into activosfijos.ciudades (id_ciudad,codigo_dane,nombre,id_departamento) values ('624','41503','OPORAPA','13');
Insert into activosfijos.ciudades (id_ciudad,codigo_dane,nombre,id_departamento) values ('625','41518','PAICOL','13');
Insert into activosfijos.ciudades (id_ciudad,codigo_dane,nombre,id_departamento) values ('626','41524','PALERMO','13');
Insert into activosfijos.ciudades (id_ciudad,codigo_dane,nombre,id_departamento) values ('627','41530','PALESTINA','13');
Insert into activosfijos.ciudades (id_ciudad,codigo_dane,nombre,id_departamento) values ('628','41548','PITAL','13');
Insert into activosfijos.ciudades (id_ciudad,codigo_dane,nombre,id_departamento) values ('629','41551','PITALITO','13');
Insert into activosfijos.ciudades (id_ciudad,codigo_dane,nombre,id_departamento) values ('630','41615','RIVERA','13');
Insert into activosfijos.ciudades (id_ciudad,codigo_dane,nombre,id_departamento) values ('631','41660','SALADOBLANCO','13');
Insert into activosfijos.ciudades (id_ciudad,codigo_dane,nombre,id_departamento) values ('632','41668','SAN AGUSTIN','13');
Insert into activosfijos.ciudades (id_ciudad,codigo_dane,nombre,id_departamento) values ('633','41676','SANTA MARIA','13');
Insert into activosfijos.ciudades (id_ciudad,codigo_dane,nombre,id_departamento) values ('634','41770','SUAZA','13');
Insert into activosfijos.ciudades (id_ciudad,codigo_dane,nombre,id_departamento) values ('635','41791','TARQUI','13');
Insert into activosfijos.ciudades (id_ciudad,codigo_dane,nombre,id_departamento) values ('636','41797','TESALIA','13');
Insert into activosfijos.ciudades (id_ciudad,codigo_dane,nombre,id_departamento) values ('637','41799','TELLO','13');
Insert into activosfijos.ciudades (id_ciudad,codigo_dane,nombre,id_departamento) values ('638','41801','TERUEL','13');
Insert into activosfijos.ciudades (id_ciudad,codigo_dane,nombre,id_departamento) values ('639','41807','TIMANA','13');
Insert into activosfijos.ciudades (id_ciudad,codigo_dane,nombre,id_departamento) values ('640','41872','VILLAVIEJA','13');
Insert into activosfijos.ciudades (id_ciudad,codigo_dane,nombre,id_departamento) values ('641','41885','YAGUARA','13');
Insert into activosfijos.ciudades (id_ciudad,codigo_dane,nombre,id_departamento) values ('642','44001','RIOHACHA','14');
Insert into activosfijos.ciudades (id_ciudad,codigo_dane,nombre,id_departamento) values ('643','44035','ALBANIA','14');
Insert into activosfijos.ciudades (id_ciudad,codigo_dane,nombre,id_departamento) values ('644','44078','BARRANCAS','14');
Insert into activosfijos.ciudades (id_ciudad,codigo_dane,nombre,id_departamento) values ('645','44090','DIBULLA','14');
Insert into activosfijos.ciudades (id_ciudad,codigo_dane,nombre,id_departamento) values ('646','44098','DISTRACCION','14');
Insert into activosfijos.ciudades (id_ciudad,codigo_dane,nombre,id_departamento) values ('647','44110','EL MOLINO','14');
Insert into activosfijos.ciudades (id_ciudad,codigo_dane,nombre,id_departamento) values ('648','44279','FONSECA','14');
Insert into activosfijos.ciudades (id_ciudad,codigo_dane,nombre,id_departamento) values ('649','44378','HATONUEVO','14');
Insert into activosfijos.ciudades (id_ciudad,codigo_dane,nombre,id_departamento) values ('650','44420','LA JAGUA DEL PILAR','14');
Insert into activosfijos.ciudades (id_ciudad,codigo_dane,nombre,id_departamento) values ('651','44430','MAICAO','14');
Insert into activosfijos.ciudades (id_ciudad,codigo_dane,nombre,id_departamento) values ('652','44560','MANAURE','14');
Insert into activosfijos.ciudades (id_ciudad,codigo_dane,nombre,id_departamento) values ('653','44650','SAN JUAN DEL CESAR','14');
Insert into activosfijos.ciudades (id_ciudad,codigo_dane,nombre,id_departamento) values ('654','44847','URIBIA','14');
Insert into activosfijos.ciudades (id_ciudad,codigo_dane,nombre,id_departamento) values ('655','44855','URUMITA','14');
Insert into activosfijos.ciudades (id_ciudad,codigo_dane,nombre,id_departamento) values ('656','44874','VILLANUEVA','14');
Insert into activosfijos.ciudades (id_ciudad,codigo_dane,nombre,id_departamento) values ('657','47001','SANTA MARTA','15');
Insert into activosfijos.ciudades (id_ciudad,codigo_dane,nombre,id_departamento) values ('658','47030','ALGARROBO','15');
Insert into activosfijos.ciudades (id_ciudad,codigo_dane,nombre,id_departamento) values ('659','47053','ARACATACA','15');
Insert into activosfijos.ciudades (id_ciudad,codigo_dane,nombre,id_departamento) values ('660','47058','ARIGUANI','15');
Insert into activosfijos.ciudades (id_ciudad,codigo_dane,nombre,id_departamento) values ('661','47161','CERRO DE SAN ANTONIO','15');
Insert into activosfijos.ciudades (id_ciudad,codigo_dane,nombre,id_departamento) values ('662','47170','CHIVOLO','15');
Insert into activosfijos.ciudades (id_ciudad,codigo_dane,nombre,id_departamento) values ('663','47189','CIENAGA','15');
Insert into activosfijos.ciudades (id_ciudad,codigo_dane,nombre,id_departamento) values ('664','47205','CONCORDIA','15');
Insert into activosfijos.ciudades (id_ciudad,codigo_dane,nombre,id_departamento) values ('665','47245','EL BANCO','15');
Insert into activosfijos.ciudades (id_ciudad,codigo_dane,nombre,id_departamento) values ('666','47258','EL PI?ON','15');
Insert into activosfijos.ciudades (id_ciudad,codigo_dane,nombre,id_departamento) values ('667','47268','EL RETEN','15');
Insert into activosfijos.ciudades (id_ciudad,codigo_dane,nombre,id_departamento) values ('668','47288','FUNDACION','15');
Insert into activosfijos.ciudades (id_ciudad,codigo_dane,nombre,id_departamento) values ('669','47318','GUAMAL','15');
Insert into activosfijos.ciudades (id_ciudad,codigo_dane,nombre,id_departamento) values ('670','47460','NUEVA GRANADA','15');
Insert into activosfijos.ciudades (id_ciudad,codigo_dane,nombre,id_departamento) values ('671','47541','PEDRAZA','15');
Insert into activosfijos.ciudades (id_ciudad,codigo_dane,nombre,id_departamento) values ('672','47545','PIJI?O DEL CARMEN','15');
Insert into activosfijos.ciudades (id_ciudad,codigo_dane,nombre,id_departamento) values ('673','47551','PIVIJAY','15');
Insert into activosfijos.ciudades (id_ciudad,codigo_dane,nombre,id_departamento) values ('674','47555','PLATO','15');
Insert into activosfijos.ciudades (id_ciudad,codigo_dane,nombre,id_departamento) values ('675','47570','PUEBLOVIEJO','15');
Insert into activosfijos.ciudades (id_ciudad,codigo_dane,nombre,id_departamento) values ('676','47605','REMOLINO','15');
Insert into activosfijos.ciudades (id_ciudad,codigo_dane,nombre,id_departamento) values ('677','47660','SABANAS DE SAN ANGEL','15');
Insert into activosfijos.ciudades (id_ciudad,codigo_dane,nombre,id_departamento) values ('678','47675','SALAMINA','15');
Insert into activosfijos.ciudades (id_ciudad,codigo_dane,nombre,id_departamento) values ('679','47692','SAN SEBASTIAN DE BUENAVISTA','15');
Insert into activosfijos.ciudades (id_ciudad,codigo_dane,nombre,id_departamento) values ('680','47703','SAN ZENON','15');
Insert into activosfijos.ciudades (id_ciudad,codigo_dane,nombre,id_departamento) values ('681','47707','SANTA ANA','15');
Insert into activosfijos.ciudades (id_ciudad,codigo_dane,nombre,id_departamento) values ('682','47720','SANTA BARBARA DE PINTO','15');
Insert into activosfijos.ciudades (id_ciudad,codigo_dane,nombre,id_departamento) values ('683','47745','SITIONUEVO','15');
Insert into activosfijos.ciudades (id_ciudad,codigo_dane,nombre,id_departamento) values ('684','47798','TENERIFE','15');
Insert into activosfijos.ciudades (id_ciudad,codigo_dane,nombre,id_departamento) values ('685','47960','ZAPAYAN','15');
Insert into activosfijos.ciudades (id_ciudad,codigo_dane,nombre,id_departamento) values ('686','47980','ZONA BANANERA','15');
Insert into activosfijos.ciudades (id_ciudad,codigo_dane,nombre,id_departamento) values ('687','50001','VILLAVICENCIO','16');
Insert into activosfijos.ciudades (id_ciudad,codigo_dane,nombre,id_departamento) values ('688','50006','ACACIAS','16');
Insert into activosfijos.ciudades (id_ciudad,codigo_dane,nombre,id_departamento) values ('689','50110','BARRANCA DE UPIA','16');
Insert into activosfijos.ciudades (id_ciudad,codigo_dane,nombre,id_departamento) values ('690','50124','CABUYARO','16');
Insert into activosfijos.ciudades (id_ciudad,codigo_dane,nombre,id_departamento) values ('691','50150','CASTILLA LA NUEVA','16');
Insert into activosfijos.ciudades (id_ciudad,codigo_dane,nombre,id_departamento) values ('692','50223','SAN LUIS DE CUBARRAL','16');
Insert into activosfijos.ciudades (id_ciudad,codigo_dane,nombre,id_departamento) values ('693','50226','CUMARAL','16');
Insert into activosfijos.ciudades (id_ciudad,codigo_dane,nombre,id_departamento) values ('694','50245','EL CALVARIO','16');
Insert into activosfijos.ciudades (id_ciudad,codigo_dane,nombre,id_departamento) values ('695','50251','EL CASTILLO','16');
Insert into activosfijos.ciudades (id_ciudad,codigo_dane,nombre,id_departamento) values ('696','50270','EL DORADO','16');
Insert into activosfijos.ciudades (id_ciudad,codigo_dane,nombre,id_departamento) values ('697','50287','FUENTE DE ORO','16');
Insert into activosfijos.ciudades (id_ciudad,codigo_dane,nombre,id_departamento) values ('698','50313','GRANADA','16');
Insert into activosfijos.ciudades (id_ciudad,codigo_dane,nombre,id_departamento) values ('699','50318','GUAMAL','16');
Insert into activosfijos.ciudades (id_ciudad,codigo_dane,nombre,id_departamento) values ('700','50325','MAPIRIPAN','16');
Insert into activosfijos.ciudades (id_ciudad,codigo_dane,nombre,id_departamento) values ('701','50330','MESETAS','16');
Insert into activosfijos.ciudades (id_ciudad,codigo_dane,nombre,id_departamento) values ('702','50350','LA MACARENA','16');
Insert into activosfijos.ciudades (id_ciudad,codigo_dane,nombre,id_departamento) values ('703','50370','URIBE','16');
Insert into activosfijos.ciudades (id_ciudad,codigo_dane,nombre,id_departamento) values ('704','50400','LEJANIAS','16');
Insert into activosfijos.ciudades (id_ciudad,codigo_dane,nombre,id_departamento) values ('705','50450','PUERTO CONCORDIA','16');
Insert into activosfijos.ciudades (id_ciudad,codigo_dane,nombre,id_departamento) values ('706','50568','PUERTO GAITAN','16');
Insert into activosfijos.ciudades (id_ciudad,codigo_dane,nombre,id_departamento) values ('707','50573','PUERTO LOPEZ','16');
Insert into activosfijos.ciudades (id_ciudad,codigo_dane,nombre,id_departamento) values ('708','50577','PUERTO LLERAS','16');
Insert into activosfijos.ciudades (id_ciudad,codigo_dane,nombre,id_departamento) values ('709','50590','PUERTO RICO','16');
Insert into activosfijos.ciudades (id_ciudad,codigo_dane,nombre,id_departamento) values ('710','50606','RESTREPO','16');
Insert into activosfijos.ciudades (id_ciudad,codigo_dane,nombre,id_departamento) values ('711','50680','SAN CARLOS DE GUAROA','16');
Insert into activosfijos.ciudades (id_ciudad,codigo_dane,nombre,id_departamento) values ('712','50683','SAN JUAN DE ARAMA','16');
Insert into activosfijos.ciudades (id_ciudad,codigo_dane,nombre,id_departamento) values ('713','50686','SAN JUANITO','16');
Insert into activosfijos.ciudades (id_ciudad,codigo_dane,nombre,id_departamento) values ('714','50689','SAN MARTIN','16');
Insert into activosfijos.ciudades (id_ciudad,codigo_dane,nombre,id_departamento) values ('715','50711','VISTAHERMOSA','16');
Insert into activosfijos.ciudades (id_ciudad,codigo_dane,nombre,id_departamento) values ('716','52001','PASTO','17');
Insert into activosfijos.ciudades (id_ciudad,codigo_dane,nombre,id_departamento) values ('717','52019','ALBAN','17');
Insert into activosfijos.ciudades (id_ciudad,codigo_dane,nombre,id_departamento) values ('718','52022','ALDANA','17');
Insert into activosfijos.ciudades (id_ciudad,codigo_dane,nombre,id_departamento) values ('719','52036','ANCUYA','17');
Insert into activosfijos.ciudades (id_ciudad,codigo_dane,nombre,id_departamento) values ('720','52051','ARBOLEDA','17');
Insert into activosfijos.ciudades (id_ciudad,codigo_dane,nombre,id_departamento) values ('721','52079','BARBACOAS','17');
Insert into activosfijos.ciudades (id_ciudad,codigo_dane,nombre,id_departamento) values ('722','52083','BELEN','17');
Insert into activosfijos.ciudades (id_ciudad,codigo_dane,nombre,id_departamento) values ('723','52110','BUESACO','17');
Insert into activosfijos.ciudades (id_ciudad,codigo_dane,nombre,id_departamento) values ('724','52203','COLON','17');
Insert into activosfijos.ciudades (id_ciudad,codigo_dane,nombre,id_departamento) values ('725','52207','CONSACA','17');
Insert into activosfijos.ciudades (id_ciudad,codigo_dane,nombre,id_departamento) values ('726','52210','CONTADERO','17');
Insert into activosfijos.ciudades (id_ciudad,codigo_dane,nombre,id_departamento) values ('727','52215','CORDOBA','17');
Insert into activosfijos.ciudades (id_ciudad,codigo_dane,nombre,id_departamento) values ('728','52224','CUASPUD','17');
Insert into activosfijos.ciudades (id_ciudad,codigo_dane,nombre,id_departamento) values ('729','52227','CUMBAL','17');
Insert into activosfijos.ciudades (id_ciudad,codigo_dane,nombre,id_departamento) values ('730','52233','CUMBITARA','17');
Insert into activosfijos.ciudades (id_ciudad,codigo_dane,nombre,id_departamento) values ('731','52240','CHACHAGUI','17');
Insert into activosfijos.ciudades (id_ciudad,codigo_dane,nombre,id_departamento) values ('732','52250','EL CHARCO','17');
Insert into activosfijos.ciudades (id_ciudad,codigo_dane,nombre,id_departamento) values ('733','52254','EL PE?OL','17');
Insert into activosfijos.ciudades (id_ciudad,codigo_dane,nombre,id_departamento) values ('734','52256','EL ROSARIO','17');
Insert into activosfijos.ciudades (id_ciudad,codigo_dane,nombre,id_departamento) values ('735','52258','EL TABLON DE GOMEZ','17');
Insert into activosfijos.ciudades (id_ciudad,codigo_dane,nombre,id_departamento) values ('736','52260','EL TAMBO','17');
Insert into activosfijos.ciudades (id_ciudad,codigo_dane,nombre,id_departamento) values ('737','52287','FUNES','17');
Insert into activosfijos.ciudades (id_ciudad,codigo_dane,nombre,id_departamento) values ('738','52317','GUACHUCAL','17');
Insert into activosfijos.ciudades (id_ciudad,codigo_dane,nombre,id_departamento) values ('739','52320','GUAITARILLA','17');
Insert into activosfijos.ciudades (id_ciudad,codigo_dane,nombre,id_departamento) values ('740','52323','GUALMATAN','17');
Insert into activosfijos.ciudades (id_ciudad,codigo_dane,nombre,id_departamento) values ('741','52352','ILES','17');
Insert into activosfijos.ciudades (id_ciudad,codigo_dane,nombre,id_departamento) values ('742','52354','IMUES','17');
Insert into activosfijos.ciudades (id_ciudad,codigo_dane,nombre,id_departamento) values ('743','52356','IPIALES','17');
Insert into activosfijos.ciudades (id_ciudad,codigo_dane,nombre,id_departamento) values ('744','52378','LA CRUZ','17');
Insert into activosfijos.ciudades (id_ciudad,codigo_dane,nombre,id_departamento) values ('745','52381','LA FLORIDA','17');
Insert into activosfijos.ciudades (id_ciudad,codigo_dane,nombre,id_departamento) values ('746','52385','LA LLANADA','17');
Insert into activosfijos.ciudades (id_ciudad,codigo_dane,nombre,id_departamento) values ('747','52390','LA TOLA','17');
Insert into activosfijos.ciudades (id_ciudad,codigo_dane,nombre,id_departamento) values ('748','52399','LA UNION','17');
Insert into activosfijos.ciudades (id_ciudad,codigo_dane,nombre,id_departamento) values ('749','52405','LEIVA','17');
Insert into activosfijos.ciudades (id_ciudad,codigo_dane,nombre,id_departamento) values ('750','52411','LINARES','17');
Insert into activosfijos.ciudades (id_ciudad,codigo_dane,nombre,id_departamento) values ('751','52418','LOS ANDES','17');
Insert into activosfijos.ciudades (id_ciudad,codigo_dane,nombre,id_departamento) values ('752','52427','MAGUI','17');
Insert into activosfijos.ciudades (id_ciudad,codigo_dane,nombre,id_departamento) values ('753','52435','MALLAMA','17');
Insert into activosfijos.ciudades (id_ciudad,codigo_dane,nombre,id_departamento) values ('754','52473','MOSQUERA','17');
Insert into activosfijos.ciudades (id_ciudad,codigo_dane,nombre,id_departamento) values ('755','52480','NARI?O','17');
Insert into activosfijos.ciudades (id_ciudad,codigo_dane,nombre,id_departamento) values ('756','52490','OLAYA HERRERA','17');
Insert into activosfijos.ciudades (id_ciudad,codigo_dane,nombre,id_departamento) values ('757','52506','OSPINA','17');
Insert into activosfijos.ciudades (id_ciudad,codigo_dane,nombre,id_departamento) values ('758','52520','FRANCISCO PIZARRO','17');
Insert into activosfijos.ciudades (id_ciudad,codigo_dane,nombre,id_departamento) values ('759','52540','POLICARPA','17');
Insert into activosfijos.ciudades (id_ciudad,codigo_dane,nombre,id_departamento) values ('760','52560','POTOSI','17');
Insert into activosfijos.ciudades (id_ciudad,codigo_dane,nombre,id_departamento) values ('761','52565','PROVIDENCIA','17');
Insert into activosfijos.ciudades (id_ciudad,codigo_dane,nombre,id_departamento) values ('762','52573','PUERRES','17');
Insert into activosfijos.ciudades (id_ciudad,codigo_dane,nombre,id_departamento) values ('763','52585','PUPIALES','17');
Insert into activosfijos.ciudades (id_ciudad,codigo_dane,nombre,id_departamento) values ('764','52612','RICAURTE','17');
Insert into activosfijos.ciudades (id_ciudad,codigo_dane,nombre,id_departamento) values ('765','52621','ROBERTO PAYAN','17');
Insert into activosfijos.ciudades (id_ciudad,codigo_dane,nombre,id_departamento) values ('766','52678','SAMANIEGO','17');
Insert into activosfijos.ciudades (id_ciudad,codigo_dane,nombre,id_departamento) values ('767','52683','SANDONA','17');
Insert into activosfijos.ciudades (id_ciudad,codigo_dane,nombre,id_departamento) values ('768','52685','SAN BERNARDO','17');
Insert into activosfijos.ciudades (id_ciudad,codigo_dane,nombre,id_departamento) values ('769','52687','SAN LORENZO','17');
Insert into activosfijos.ciudades (id_ciudad,codigo_dane,nombre,id_departamento) values ('770','52693','SAN PABLO','17');
Insert into activosfijos.ciudades (id_ciudad,codigo_dane,nombre,id_departamento) values ('771','52694','SAN PEDRO DE CARTAGO','17');
Insert into activosfijos.ciudades (id_ciudad,codigo_dane,nombre,id_departamento) values ('772','52696','SANTA BARBARA','17');
Insert into activosfijos.ciudades (id_ciudad,codigo_dane,nombre,id_departamento) values ('773','52699','SANTACRUZ','17');
Insert into activosfijos.ciudades (id_ciudad,codigo_dane,nombre,id_departamento) values ('774','52720','SAPUYES','17');
Insert into activosfijos.ciudades (id_ciudad,codigo_dane,nombre,id_departamento) values ('775','52786','TAMINANGO','17');
Insert into activosfijos.ciudades (id_ciudad,codigo_dane,nombre,id_departamento) values ('776','52788','TANGUA','17');
Insert into activosfijos.ciudades (id_ciudad,codigo_dane,nombre,id_departamento) values ('777','52835','SAN ANDRES DE TUMACO','17');
Insert into activosfijos.ciudades (id_ciudad,codigo_dane,nombre,id_departamento) values ('778','52838','TUQUERRES','17');
Insert into activosfijos.ciudades (id_ciudad,codigo_dane,nombre,id_departamento) values ('779','52885','YACUANQUER','17');
Insert into activosfijos.ciudades (id_ciudad,codigo_dane,nombre,id_departamento) values ('780','54001','CUCUTA','18');
Insert into activosfijos.ciudades (id_ciudad,codigo_dane,nombre,id_departamento) values ('781','54003','ABREGO','18');
Insert into activosfijos.ciudades (id_ciudad,codigo_dane,nombre,id_departamento) values ('782','54051','ARBOLEDAS','18');
Insert into activosfijos.ciudades (id_ciudad,codigo_dane,nombre,id_departamento) values ('783','54099','BOCHALEMA','18');
Insert into activosfijos.ciudades (id_ciudad,codigo_dane,nombre,id_departamento) values ('784','54109','BUCARASICA','18');
Insert into activosfijos.ciudades (id_ciudad,codigo_dane,nombre,id_departamento) values ('785','54125','CACOTA','18');
Insert into activosfijos.ciudades (id_ciudad,codigo_dane,nombre,id_departamento) values ('786','54128','CACHIRA','18');
Insert into activosfijos.ciudades (id_ciudad,codigo_dane,nombre,id_departamento) values ('787','54172','CHINACOTA','18');
Insert into activosfijos.ciudades (id_ciudad,codigo_dane,nombre,id_departamento) values ('788','54174','CHITAGA','18');
Insert into activosfijos.ciudades (id_ciudad,codigo_dane,nombre,id_departamento) values ('789','54206','CONVENCION','18');
Insert into activosfijos.ciudades (id_ciudad,codigo_dane,nombre,id_departamento) values ('790','54223','CUCUTILLA','18');
Insert into activosfijos.ciudades (id_ciudad,codigo_dane,nombre,id_departamento) values ('791','54239','DURANIA','18');
Insert into activosfijos.ciudades (id_ciudad,codigo_dane,nombre,id_departamento) values ('792','54245','EL CARMEN','18');
Insert into activosfijos.ciudades (id_ciudad,codigo_dane,nombre,id_departamento) values ('793','54250','EL TARRA','18');
Insert into activosfijos.ciudades (id_ciudad,codigo_dane,nombre,id_departamento) values ('794','54261','EL ZULIA','18');
Insert into activosfijos.ciudades (id_ciudad,codigo_dane,nombre,id_departamento) values ('795','54313','GRAMALOTE','18');
Insert into activosfijos.ciudades (id_ciudad,codigo_dane,nombre,id_departamento) values ('796','54344','HACARI','18');
Insert into activosfijos.ciudades (id_ciudad,codigo_dane,nombre,id_departamento) values ('797','54347','HERRAN','18');
Insert into activosfijos.ciudades (id_ciudad,codigo_dane,nombre,id_departamento) values ('798','54377','LABATECA','18');
Insert into activosfijos.ciudades (id_ciudad,codigo_dane,nombre,id_departamento) values ('799','54385','LA ESPERANZA','18');
Insert into activosfijos.ciudades (id_ciudad,codigo_dane,nombre,id_departamento) values ('800','54398','LA PLAYA','18');
Insert into activosfijos.ciudades (id_ciudad,codigo_dane,nombre,id_departamento) values ('801','54405','LOS PATIOS','18');
Insert into activosfijos.ciudades (id_ciudad,codigo_dane,nombre,id_departamento) values ('802','54418','LOURDES','18');
Insert into activosfijos.ciudades (id_ciudad,codigo_dane,nombre,id_departamento) values ('803','54480','MUTISCUA','18');
Insert into activosfijos.ciudades (id_ciudad,codigo_dane,nombre,id_departamento) values ('804','54498','OCA?A','18');
Insert into activosfijos.ciudades (id_ciudad,codigo_dane,nombre,id_departamento) values ('805','54518','PAMPLONA','18');
Insert into activosfijos.ciudades (id_ciudad,codigo_dane,nombre,id_departamento) values ('806','54520','PAMPLONITA','18');
Insert into activosfijos.ciudades (id_ciudad,codigo_dane,nombre,id_departamento) values ('807','54553','PUERTO SANTANDER','18');
Insert into activosfijos.ciudades (id_ciudad,codigo_dane,nombre,id_departamento) values ('808','54599','RAGONVALIA','18');
Insert into activosfijos.ciudades (id_ciudad,codigo_dane,nombre,id_departamento) values ('809','54660','SALAZAR','18');
Insert into activosfijos.ciudades (id_ciudad,codigo_dane,nombre,id_departamento) values ('810','54670','SAN CALIXTO','18');
Insert into activosfijos.ciudades (id_ciudad,codigo_dane,nombre,id_departamento) values ('811','54673','SAN CAYETANO','18');
Insert into activosfijos.ciudades (id_ciudad,codigo_dane,nombre,id_departamento) values ('812','54680','SANTIAGO','18');
Insert into activosfijos.ciudades (id_ciudad,codigo_dane,nombre,id_departamento) values ('813','54720','SARDINATA','18');
Insert into activosfijos.ciudades (id_ciudad,codigo_dane,nombre,id_departamento) values ('814','54743','SILOS','18');
Insert into activosfijos.ciudades (id_ciudad,codigo_dane,nombre,id_departamento) values ('815','54800','TEORAMA','18');
Insert into activosfijos.ciudades (id_ciudad,codigo_dane,nombre,id_departamento) values ('816','54810','TIBU','18');
Insert into activosfijos.ciudades (id_ciudad,codigo_dane,nombre,id_departamento) values ('817','54820','TOLEDO','18');
Insert into activosfijos.ciudades (id_ciudad,codigo_dane,nombre,id_departamento) values ('818','54871','VILLA CARO','18');
Insert into activosfijos.ciudades (id_ciudad,codigo_dane,nombre,id_departamento) values ('819','54874','VILLA DEL ROSARIO','18');
Insert into activosfijos.ciudades (id_ciudad,codigo_dane,nombre,id_departamento) values ('820','63001','ARMENIA','19');
Insert into activosfijos.ciudades (id_ciudad,codigo_dane,nombre,id_departamento) values ('821','63111','BUENAVISTA','19');
Insert into activosfijos.ciudades (id_ciudad,codigo_dane,nombre,id_departamento) values ('822','63130','CALARCA','19');
Insert into activosfijos.ciudades (id_ciudad,codigo_dane,nombre,id_departamento) values ('823','63190','CIRCASIA','19');
Insert into activosfijos.ciudades (id_ciudad,codigo_dane,nombre,id_departamento) values ('824','63212','CORDOBA','19');
Insert into activosfijos.ciudades (id_ciudad,codigo_dane,nombre,id_departamento) values ('825','63272','FILANDIA','19');
Insert into activosfijos.ciudades (id_ciudad,codigo_dane,nombre,id_departamento) values ('826','63302','GENOVA','19');
Insert into activosfijos.ciudades (id_ciudad,codigo_dane,nombre,id_departamento) values ('827','63401','LA TEBAIDA','19');
Insert into activosfijos.ciudades (id_ciudad,codigo_dane,nombre,id_departamento) values ('828','63470','MONTENEGRO','19');
Insert into activosfijos.ciudades (id_ciudad,codigo_dane,nombre,id_departamento) values ('829','63548','PIJAO','19');
Insert into activosfijos.ciudades (id_ciudad,codigo_dane,nombre,id_departamento) values ('830','63594','QUIMBAYA','19');
Insert into activosfijos.ciudades (id_ciudad,codigo_dane,nombre,id_departamento) values ('831','63690','SALENTO','19');
Insert into activosfijos.ciudades (id_ciudad,codigo_dane,nombre,id_departamento) values ('832','66001','PEREIRA','20');
Insert into activosfijos.ciudades (id_ciudad,codigo_dane,nombre,id_departamento) values ('833','66045','APIA','20');
Insert into activosfijos.ciudades (id_ciudad,codigo_dane,nombre,id_departamento) values ('834','66075','BALBOA','20');
Insert into activosfijos.ciudades (id_ciudad,codigo_dane,nombre,id_departamento) values ('835','66088','BELEN DE UMBRIA','20');
Insert into activosfijos.ciudades (id_ciudad,codigo_dane,nombre,id_departamento) values ('836','66170','DOSQUEBRADAS','20');
Insert into activosfijos.ciudades (id_ciudad,codigo_dane,nombre,id_departamento) values ('837','66318','GUATICA','20');
Insert into activosfijos.ciudades (id_ciudad,codigo_dane,nombre,id_departamento) values ('838','66383','LA CELIA','20');
Insert into activosfijos.ciudades (id_ciudad,codigo_dane,nombre,id_departamento) values ('839','66400','LA VIRGINIA','20');
Insert into activosfijos.ciudades (id_ciudad,codigo_dane,nombre,id_departamento) values ('840','66440','MARSELLA','20');
Insert into activosfijos.ciudades (id_ciudad,codigo_dane,nombre,id_departamento) values ('841','66456','MISTRATO','20');
Insert into activosfijos.ciudades (id_ciudad,codigo_dane,nombre,id_departamento) values ('842','66572','PUEBLO RICO','20');
Insert into activosfijos.ciudades (id_ciudad,codigo_dane,nombre,id_departamento) values ('843','66594','QUINCHIA','20');
Insert into activosfijos.ciudades (id_ciudad,codigo_dane,nombre,id_departamento) values ('844','66682','SANTA ROSA DE CABAL','20');
Insert into activosfijos.ciudades (id_ciudad,codigo_dane,nombre,id_departamento) values ('845','66687','SANTUARIO','20');
Insert into activosfijos.ciudades (id_ciudad,codigo_dane,nombre,id_departamento) values ('846','68001','BUCARAMANGA','21');
Insert into activosfijos.ciudades (id_ciudad,codigo_dane,nombre,id_departamento) values ('847','68013','AGUADA','21');
Insert into activosfijos.ciudades (id_ciudad,codigo_dane,nombre,id_departamento) values ('848','68020','ALBANIA','21');
Insert into activosfijos.ciudades (id_ciudad,codigo_dane,nombre,id_departamento) values ('849','68051','ARATOCA','21');
Insert into activosfijos.ciudades (id_ciudad,codigo_dane,nombre,id_departamento) values ('850','68077','BARBOSA','21');
Insert into activosfijos.ciudades (id_ciudad,codigo_dane,nombre,id_departamento) values ('851','68079','BARICHARA','21');
Insert into activosfijos.ciudades (id_ciudad,codigo_dane,nombre,id_departamento) values ('852','68081','BARRANCABERMEJA','21');
Insert into activosfijos.ciudades (id_ciudad,codigo_dane,nombre,id_departamento) values ('853','68092','BETULIA','21');
Insert into activosfijos.ciudades (id_ciudad,codigo_dane,nombre,id_departamento) values ('854','68101','BOLIVAR','21');
Insert into activosfijos.ciudades (id_ciudad,codigo_dane,nombre,id_departamento) values ('855','68121','CABRERA','21');
Insert into activosfijos.ciudades (id_ciudad,codigo_dane,nombre,id_departamento) values ('856','68132','CALIFORNIA','21');
Insert into activosfijos.ciudades (id_ciudad,codigo_dane,nombre,id_departamento) values ('857','68147','CAPITANEJO','21');
Insert into activosfijos.ciudades (id_ciudad,codigo_dane,nombre,id_departamento) values ('858','68152','CARCASI','21');
Insert into activosfijos.ciudades (id_ciudad,codigo_dane,nombre,id_departamento) values ('859','68160','CEPITA','21');
Insert into activosfijos.ciudades (id_ciudad,codigo_dane,nombre,id_departamento) values ('860','68162','CERRITO','21');
Insert into activosfijos.ciudades (id_ciudad,codigo_dane,nombre,id_departamento) values ('861','68167','CHARALA','21');
Insert into activosfijos.ciudades (id_ciudad,codigo_dane,nombre,id_departamento) values ('862','68169','CHARTA','21');
Insert into activosfijos.ciudades (id_ciudad,codigo_dane,nombre,id_departamento) values ('863','68176','CHIMA','21');
Insert into activosfijos.ciudades (id_ciudad,codigo_dane,nombre,id_departamento) values ('864','68179','CHIPATA','21');
Insert into activosfijos.ciudades (id_ciudad,codigo_dane,nombre,id_departamento) values ('865','68190','CIMITARRA','21');
Insert into activosfijos.ciudades (id_ciudad,codigo_dane,nombre,id_departamento) values ('866','68207','CONCEPCION','21');
Insert into activosfijos.ciudades (id_ciudad,codigo_dane,nombre,id_departamento) values ('867','68209','CONFINES','21');
Insert into activosfijos.ciudades (id_ciudad,codigo_dane,nombre,id_departamento) values ('868','68211','CONTRATACION','21');
Insert into activosfijos.ciudades (id_ciudad,codigo_dane,nombre,id_departamento) values ('869','68217','COROMORO','21');
Insert into activosfijos.ciudades (id_ciudad,codigo_dane,nombre,id_departamento) values ('870','68229','CURITI','21');
Insert into activosfijos.ciudades (id_ciudad,codigo_dane,nombre,id_departamento) values ('871','68235','EL CARMEN DE CHUCURI','21');
Insert into activosfijos.ciudades (id_ciudad,codigo_dane,nombre,id_departamento) values ('872','68245','EL GUACAMAYO','21');
Insert into activosfijos.ciudades (id_ciudad,codigo_dane,nombre,id_departamento) values ('873','68250','EL PE?ON','21');
Insert into activosfijos.ciudades (id_ciudad,codigo_dane,nombre,id_departamento) values ('874','68255','EL PLAYON','21');
Insert into activosfijos.ciudades (id_ciudad,codigo_dane,nombre,id_departamento) values ('875','68264','ENCINO','21');
Insert into activosfijos.ciudades (id_ciudad,codigo_dane,nombre,id_departamento) values ('876','68266','ENCISO','21');
Insert into activosfijos.ciudades (id_ciudad,codigo_dane,nombre,id_departamento) values ('877','68271','FLORIAN','21');
Insert into activosfijos.ciudades (id_ciudad,codigo_dane,nombre,id_departamento) values ('878','68276','FLORIDABLANCA','21');
Insert into activosfijos.ciudades (id_ciudad,codigo_dane,nombre,id_departamento) values ('879','68296','GALAN','21');
Insert into activosfijos.ciudades (id_ciudad,codigo_dane,nombre,id_departamento) values ('880','68298','GAMBITA','21');
Insert into activosfijos.ciudades (id_ciudad,codigo_dane,nombre,id_departamento) values ('881','68307','GIRON','21');
Insert into activosfijos.ciudades (id_ciudad,codigo_dane,nombre,id_departamento) values ('882','68318','GUACA','21');
Insert into activosfijos.ciudades (id_ciudad,codigo_dane,nombre,id_departamento) values ('883','68320','GUADALUPE','21');
Insert into activosfijos.ciudades (id_ciudad,codigo_dane,nombre,id_departamento) values ('884','68322','GUAPOTA','21');
Insert into activosfijos.ciudades (id_ciudad,codigo_dane,nombre,id_departamento) values ('885','68324','GUAVATA','21');
Insert into activosfijos.ciudades (id_ciudad,codigo_dane,nombre,id_departamento) values ('886','68327','GUEPSA','21');
Insert into activosfijos.ciudades (id_ciudad,codigo_dane,nombre,id_departamento) values ('887','68344','HATO','21');
Insert into activosfijos.ciudades (id_ciudad,codigo_dane,nombre,id_departamento) values ('888','68368','JESUS MARIA','21');
Insert into activosfijos.ciudades (id_ciudad,codigo_dane,nombre,id_departamento) values ('889','68370','JORDAN','21');
Insert into activosfijos.ciudades (id_ciudad,codigo_dane,nombre,id_departamento) values ('890','68377','LA BELLEZA','21');
Insert into activosfijos.ciudades (id_ciudad,codigo_dane,nombre,id_departamento) values ('891','68385','LANDAZURI','21');
Insert into activosfijos.ciudades (id_ciudad,codigo_dane,nombre,id_departamento) values ('892','68397','LA PAZ','21');
Insert into activosfijos.ciudades (id_ciudad,codigo_dane,nombre,id_departamento) values ('893','68406','LEBRIJA','21');
Insert into activosfijos.ciudades (id_ciudad,codigo_dane,nombre,id_departamento) values ('894','68418','LOS SANTOS','21');
Insert into activosfijos.ciudades (id_ciudad,codigo_dane,nombre,id_departamento) values ('895','68425','MACARAVITA','21');
Insert into activosfijos.ciudades (id_ciudad,codigo_dane,nombre,id_departamento) values ('896','68432','MALAGA','21');
Insert into activosfijos.ciudades (id_ciudad,codigo_dane,nombre,id_departamento) values ('897','68444','MATANZA','21');
Insert into activosfijos.ciudades (id_ciudad,codigo_dane,nombre,id_departamento) values ('898','68464','MOGOTES','21');
Insert into activosfijos.ciudades (id_ciudad,codigo_dane,nombre,id_departamento) values ('899','68468','MOLAGAVITA','21');
Insert into activosfijos.ciudades (id_ciudad,codigo_dane,nombre,id_departamento) values ('900','68498','OCAMONTE','21');
Insert into activosfijos.ciudades (id_ciudad,codigo_dane,nombre,id_departamento) values ('901','68500','OIBA','21');
Insert into activosfijos.ciudades (id_ciudad,codigo_dane,nombre,id_departamento) values ('902','68502','ONZAGA','21');
Insert into activosfijos.ciudades (id_ciudad,codigo_dane,nombre,id_departamento) values ('903','68522','PALMAR','21');
Insert into activosfijos.ciudades (id_ciudad,codigo_dane,nombre,id_departamento) values ('904','68524','PALMAS DEL SOCORRO','21');
Insert into activosfijos.ciudades (id_ciudad,codigo_dane,nombre,id_departamento) values ('905','68533','PARAMO','21');
Insert into activosfijos.ciudades (id_ciudad,codigo_dane,nombre,id_departamento) values ('906','68547','PIEDECUESTA','21');
Insert into activosfijos.ciudades (id_ciudad,codigo_dane,nombre,id_departamento) values ('907','68549','PINCHOTE','21');
Insert into activosfijos.ciudades (id_ciudad,codigo_dane,nombre,id_departamento) values ('908','68572','PUENTE NACIONAL','21');
Insert into activosfijos.ciudades (id_ciudad,codigo_dane,nombre,id_departamento) values ('909','68573','PUERTO PARRA','21');
Insert into activosfijos.ciudades (id_ciudad,codigo_dane,nombre,id_departamento) values ('910','68575','PUERTO WILCHES','21');
Insert into activosfijos.ciudades (id_ciudad,codigo_dane,nombre,id_departamento) values ('911','68615','RIONEGRO','21');
Insert into activosfijos.ciudades (id_ciudad,codigo_dane,nombre,id_departamento) values ('912','68655','SABANA DE TORRES','21');
Insert into activosfijos.ciudades (id_ciudad,codigo_dane,nombre,id_departamento) values ('913','68669','SAN ANDRES','21');
Insert into activosfijos.ciudades (id_ciudad,codigo_dane,nombre,id_departamento) values ('914','68673','SAN BENITO','21');
Insert into activosfijos.ciudades (id_ciudad,codigo_dane,nombre,id_departamento) values ('915','68679','SAN GIL','21');
Insert into activosfijos.ciudades (id_ciudad,codigo_dane,nombre,id_departamento) values ('916','68682','SAN JOAQUIN','21');
Insert into activosfijos.ciudades (id_ciudad,codigo_dane,nombre,id_departamento) values ('917','68684','SAN JOSE DE MIRANDA','21');
Insert into activosfijos.ciudades (id_ciudad,codigo_dane,nombre,id_departamento) values ('918','68686','SAN MIGUEL','21');
Insert into activosfijos.ciudades (id_ciudad,codigo_dane,nombre,id_departamento) values ('919','68689','SAN VICENTE DE CHUCURI','21');
Insert into activosfijos.ciudades (id_ciudad,codigo_dane,nombre,id_departamento) values ('920','68705','SANTA BARBARA','21');
Insert into activosfijos.ciudades (id_ciudad,codigo_dane,nombre,id_departamento) values ('921','68720','SANTA HELENA DEL OPON','21');
Insert into activosfijos.ciudades (id_ciudad,codigo_dane,nombre,id_departamento) values ('922','68745','SIMACOTA','21');
Insert into activosfijos.ciudades (id_ciudad,codigo_dane,nombre,id_departamento) values ('923','68755','SOCORRO','21');
Insert into activosfijos.ciudades (id_ciudad,codigo_dane,nombre,id_departamento) values ('924','68770','SUAITA','21');
Insert into activosfijos.ciudades (id_ciudad,codigo_dane,nombre,id_departamento) values ('925','68773','SUCRE','21');
Insert into activosfijos.ciudades (id_ciudad,codigo_dane,nombre,id_departamento) values ('926','68780','SURATA','21');
Insert into activosfijos.ciudades (id_ciudad,codigo_dane,nombre,id_departamento) values ('927','68820','TONA','21');
Insert into activosfijos.ciudades (id_ciudad,codigo_dane,nombre,id_departamento) values ('928','68855','VALLE DE SAN JOSE','21');
Insert into activosfijos.ciudades (id_ciudad,codigo_dane,nombre,id_departamento) values ('929','68861','VELEZ','21');
Insert into activosfijos.ciudades (id_ciudad,codigo_dane,nombre,id_departamento) values ('930','68867','VETAS','21');
Insert into activosfijos.ciudades (id_ciudad,codigo_dane,nombre,id_departamento) values ('931','68872','VILLANUEVA','21');
Insert into activosfijos.ciudades (id_ciudad,codigo_dane,nombre,id_departamento) values ('932','68895','ZAPATOCA','21');
Insert into activosfijos.ciudades (id_ciudad,codigo_dane,nombre,id_departamento) values ('933','70001','SINCELEJO','22');
Insert into activosfijos.ciudades (id_ciudad,codigo_dane,nombre,id_departamento) values ('934','70110','BUENAVISTA','22');
Insert into activosfijos.ciudades (id_ciudad,codigo_dane,nombre,id_departamento) values ('935','70124','CAIMITO','22');
Insert into activosfijos.ciudades (id_ciudad,codigo_dane,nombre,id_departamento) values ('936','70204','COLOSO','22');
Insert into activosfijos.ciudades (id_ciudad,codigo_dane,nombre,id_departamento) values ('937','70215','COROZAL','22');
Insert into activosfijos.ciudades (id_ciudad,codigo_dane,nombre,id_departamento) values ('938','70221','COVE?AS','22');
Insert into activosfijos.ciudades (id_ciudad,codigo_dane,nombre,id_departamento) values ('939','70230','CHALAN','22');
Insert into activosfijos.ciudades (id_ciudad,codigo_dane,nombre,id_departamento) values ('940','70233','EL ROBLE','22');
Insert into activosfijos.ciudades (id_ciudad,codigo_dane,nombre,id_departamento) values ('941','70235','GALERAS','22');
Insert into activosfijos.ciudades (id_ciudad,codigo_dane,nombre,id_departamento) values ('942','70265','GUARANDA','22');
Insert into activosfijos.ciudades (id_ciudad,codigo_dane,nombre,id_departamento) values ('943','70400','LA UNION','22');
Insert into activosfijos.ciudades (id_ciudad,codigo_dane,nombre,id_departamento) values ('944','70418','LOS PALMITOS','22');
Insert into activosfijos.ciudades (id_ciudad,codigo_dane,nombre,id_departamento) values ('945','70429','MAJAGUAL','22');
Insert into activosfijos.ciudades (id_ciudad,codigo_dane,nombre,id_departamento) values ('946','70473','MORROA','22');
Insert into activosfijos.ciudades (id_ciudad,codigo_dane,nombre,id_departamento) values ('947','70508','OVEJAS','22');
Insert into activosfijos.ciudades (id_ciudad,codigo_dane,nombre,id_departamento) values ('948','70523','PALMITO','22');
Insert into activosfijos.ciudades (id_ciudad,codigo_dane,nombre,id_departamento) values ('949','70670','SAMPUES','22');
Insert into activosfijos.ciudades (id_ciudad,codigo_dane,nombre,id_departamento) values ('950','70678','SAN BENITO ABAD','22');
Insert into activosfijos.ciudades (id_ciudad,codigo_dane,nombre,id_departamento) values ('951','70702','SAN JUAN DE BETULIA','22');
Insert into activosfijos.ciudades (id_ciudad,codigo_dane,nombre,id_departamento) values ('952','70708','SAN MARCOS','22');
Insert into activosfijos.ciudades (id_ciudad,codigo_dane,nombre,id_departamento) values ('953','70713','SAN ONOFRE','22');
Insert into activosfijos.ciudades (id_ciudad,codigo_dane,nombre,id_departamento) values ('954','70717','SAN PEDRO','22');
Insert into activosfijos.ciudades (id_ciudad,codigo_dane,nombre,id_departamento) values ('955','70742','SAN LUIS DE SINCE','22');
Insert into activosfijos.ciudades (id_ciudad,codigo_dane,nombre,id_departamento) values ('956','70771','SUCRE','22');
Insert into activosfijos.ciudades (id_ciudad,codigo_dane,nombre,id_departamento) values ('957','70820','SANTIAGO DE TOLU','22');
Insert into activosfijos.ciudades (id_ciudad,codigo_dane,nombre,id_departamento) values ('958','70823','TOLU VIEJO','22');
Insert into activosfijos.ciudades (id_ciudad,codigo_dane,nombre,id_departamento) values ('959','73001','IBAGUE','23');
Insert into activosfijos.ciudades (id_ciudad,codigo_dane,nombre,id_departamento) values ('960','73024','ALPUJARRA','23');
Insert into activosfijos.ciudades (id_ciudad,codigo_dane,nombre,id_departamento) values ('961','73026','ALVARADO','23');
Insert into activosfijos.ciudades (id_ciudad,codigo_dane,nombre,id_departamento) values ('962','73030','AMBALEMA','23');
Insert into activosfijos.ciudades (id_ciudad,codigo_dane,nombre,id_departamento) values ('963','73043','ANZOATEGUI','23');
Insert into activosfijos.ciudades (id_ciudad,codigo_dane,nombre,id_departamento) values ('964','73055','ARMERO GUAYABAL.','23');
Insert into activosfijos.ciudades (id_ciudad,codigo_dane,nombre,id_departamento) values ('965','73067','ATACO','23');
Insert into activosfijos.ciudades (id_ciudad,codigo_dane,nombre,id_departamento) values ('966','73124','CAJAMARCA','23');
Insert into activosfijos.ciudades (id_ciudad,codigo_dane,nombre,id_departamento) values ('967','73148','CARMEN DE APICALA','23');
Insert into activosfijos.ciudades (id_ciudad,codigo_dane,nombre,id_departamento) values ('968','73152','CASABIANCA','23');
Insert into activosfijos.ciudades (id_ciudad,codigo_dane,nombre,id_departamento) values ('969','73168','CHAPARRAL','23');
Insert into activosfijos.ciudades (id_ciudad,codigo_dane,nombre,id_departamento) values ('970','73200','COELLO','23');
Insert into activosfijos.ciudades (id_ciudad,codigo_dane,nombre,id_departamento) values ('971','73217','COYAIMA','23');
Insert into activosfijos.ciudades (id_ciudad,codigo_dane,nombre,id_departamento) values ('972','73226','CUNDAY','23');
Insert into activosfijos.ciudades (id_ciudad,codigo_dane,nombre,id_departamento) values ('973','73236','DOLORES','23');
Insert into activosfijos.ciudades (id_ciudad,codigo_dane,nombre,id_departamento) values ('974','73268','ESPINAL','23');
Insert into activosfijos.ciudades (id_ciudad,codigo_dane,nombre,id_departamento) values ('975','73270','FALAN','23');
Insert into activosfijos.ciudades (id_ciudad,codigo_dane,nombre,id_departamento) values ('976','73275','FLANDES','23');
Insert into activosfijos.ciudades (id_ciudad,codigo_dane,nombre,id_departamento) values ('977','73283','FRESNO','23');
Insert into activosfijos.ciudades (id_ciudad,codigo_dane,nombre,id_departamento) values ('978','73319','GUAMO','23');
Insert into activosfijos.ciudades (id_ciudad,codigo_dane,nombre,id_departamento) values ('979','73347','HERVEO','23');
Insert into activosfijos.ciudades (id_ciudad,codigo_dane,nombre,id_departamento) values ('980','73349','HONDA','23');
Insert into activosfijos.ciudades (id_ciudad,codigo_dane,nombre,id_departamento) values ('981','73352','ICONONZO','23');
Insert into activosfijos.ciudades (id_ciudad,codigo_dane,nombre,id_departamento) values ('982','73408','LERIDA','23');
Insert into activosfijos.ciudades (id_ciudad,codigo_dane,nombre,id_departamento) values ('983','73411','LIBANO','23');
Insert into activosfijos.ciudades (id_ciudad,codigo_dane,nombre,id_departamento) values ('984','73443','SAN SEBASTIAN DE MARIQUITA','23');
Insert into activosfijos.ciudades (id_ciudad,codigo_dane,nombre,id_departamento) values ('985','73449','MELGAR','23');
Insert into activosfijos.ciudades (id_ciudad,codigo_dane,nombre,id_departamento) values ('986','73461','MURILLO','23');
Insert into activosfijos.ciudades (id_ciudad,codigo_dane,nombre,id_departamento) values ('987','73483','NATAGAIMA','23');
Insert into activosfijos.ciudades (id_ciudad,codigo_dane,nombre,id_departamento) values ('988','73504','ORTEGA','23');
Insert into activosfijos.ciudades (id_ciudad,codigo_dane,nombre,id_departamento) values ('989','73520','PALOCABILDO','23');
Insert into activosfijos.ciudades (id_ciudad,codigo_dane,nombre,id_departamento) values ('990','73547','PIEDRAS','23');
Insert into activosfijos.ciudades (id_ciudad,codigo_dane,nombre,id_departamento) values ('991','73555','PLANADAS','23');
Insert into activosfijos.ciudades (id_ciudad,codigo_dane,nombre,id_departamento) values ('992','73563','PRADO','23');
Insert into activosfijos.ciudades (id_ciudad,codigo_dane,nombre,id_departamento) values ('993','73585','PURIFICACION','23');
Insert into activosfijos.ciudades (id_ciudad,codigo_dane,nombre,id_departamento) values ('994','73616','RIOBLANCO','23');
Insert into activosfijos.ciudades (id_ciudad,codigo_dane,nombre,id_departamento) values ('995','73622','RONCESVALLES','23');
Insert into activosfijos.ciudades (id_ciudad,codigo_dane,nombre,id_departamento) values ('996','73624','ROVIRA','23');
Insert into activosfijos.ciudades (id_ciudad,codigo_dane,nombre,id_departamento) values ('997','73671','SALDA?A','23');
Insert into activosfijos.ciudades (id_ciudad,codigo_dane,nombre,id_departamento) values ('998','73675','SAN ANTONIO','23');
Insert into activosfijos.ciudades (id_ciudad,codigo_dane,nombre,id_departamento) values ('999','73678','SAN LUIS','23');
Insert into activosfijos.ciudades (id_ciudad,codigo_dane,nombre,id_departamento) values ('1000','73686','SANTA ISABEL','23');
Insert into activosfijos.ciudades (id_ciudad,codigo_dane,nombre,id_departamento) values ('1001','73770','SUAREZ','23');
Insert into activosfijos.ciudades (id_ciudad,codigo_dane,nombre,id_departamento) values ('1002','73854','VALLE DE SAN JUAN','23');
Insert into activosfijos.ciudades (id_ciudad,codigo_dane,nombre,id_departamento) values ('1003','73861','VENADILLO','23');
Insert into activosfijos.ciudades (id_ciudad,codigo_dane,nombre,id_departamento) values ('1004','73870','VILLAHERMOSA','23');
Insert into activosfijos.ciudades (id_ciudad,codigo_dane,nombre,id_departamento) values ('1005','73873','VILLARRICA','23');
Insert into activosfijos.ciudades (id_ciudad,codigo_dane,nombre,id_departamento) values ('1006','76001','CALI','24');
Insert into activosfijos.ciudades (id_ciudad,codigo_dane,nombre,id_departamento) values ('1007','76020','ALCALA','24');
Insert into activosfijos.ciudades (id_ciudad,codigo_dane,nombre,id_departamento) values ('1008','76036','ANDALUCIA','24');
Insert into activosfijos.ciudades (id_ciudad,codigo_dane,nombre,id_departamento) values ('1009','76041','ANSERMANUEVO','24');
Insert into activosfijos.ciudades (id_ciudad,codigo_dane,nombre,id_departamento) values ('1010','76054','ARGELIA','24');
Insert into activosfijos.ciudades (id_ciudad,codigo_dane,nombre,id_departamento) values ('1011','76100','BOLIVAR','24');
Insert into activosfijos.ciudades (id_ciudad,codigo_dane,nombre,id_departamento) values ('1012','76109','BUENAVENTURA','24');
Insert into activosfijos.ciudades (id_ciudad,codigo_dane,nombre,id_departamento) values ('1013','76111','GUADALAJARA DE BUGA','24');
Insert into activosfijos.ciudades (id_ciudad,codigo_dane,nombre,id_departamento) values ('1014','76113','BUGALAGRANDE','24');
Insert into activosfijos.ciudades (id_ciudad,codigo_dane,nombre,id_departamento) values ('1015','76122','CAICEDONIA','24');
Insert into activosfijos.ciudades (id_ciudad,codigo_dane,nombre,id_departamento) values ('1016','76126','CALIMA','24');
Insert into activosfijos.ciudades (id_ciudad,codigo_dane,nombre,id_departamento) values ('1017','76130','CANDELARIA','24');
Insert into activosfijos.ciudades (id_ciudad,codigo_dane,nombre,id_departamento) values ('1018','76147','CARTAGO','24');
Insert into activosfijos.ciudades (id_ciudad,codigo_dane,nombre,id_departamento) values ('1019','76233','DAGUA','24');
Insert into activosfijos.ciudades (id_ciudad,codigo_dane,nombre,id_departamento) values ('1020','76243','EL AGUILA','24');
Insert into activosfijos.ciudades (id_ciudad,codigo_dane,nombre,id_departamento) values ('1021','76246','EL CAIRO','24');
Insert into activosfijos.ciudades (id_ciudad,codigo_dane,nombre,id_departamento) values ('1022','76248','EL CERRITO','24');
Insert into activosfijos.ciudades (id_ciudad,codigo_dane,nombre,id_departamento) values ('1023','76250','EL DOVIO','24');
Insert into activosfijos.ciudades (id_ciudad,codigo_dane,nombre,id_departamento) values ('1024','76275','FLORIDA','24');
Insert into activosfijos.ciudades (id_ciudad,codigo_dane,nombre,id_departamento) values ('1025','76306','GINEBRA','24');
Insert into activosfijos.ciudades (id_ciudad,codigo_dane,nombre,id_departamento) values ('1026','76318','GUACARI','24');
Insert into activosfijos.ciudades (id_ciudad,codigo_dane,nombre,id_departamento) values ('1027','76364','JAMUNDI','24');
Insert into activosfijos.ciudades (id_ciudad,codigo_dane,nombre,id_departamento) values ('1028','76377','LA CUMBRE','24');
Insert into activosfijos.ciudades (id_ciudad,codigo_dane,nombre,id_departamento) values ('1029','76400','LA UNION','24');
Insert into activosfijos.ciudades (id_ciudad,codigo_dane,nombre,id_departamento) values ('1030','76403','LA VICTORIA','24');
Insert into activosfijos.ciudades (id_ciudad,codigo_dane,nombre,id_departamento) values ('1031','76497','OBANDO','24');
Insert into activosfijos.ciudades (id_ciudad,codigo_dane,nombre,id_departamento) values ('1032','76520','PALMIRA','24');
Insert into activosfijos.ciudades (id_ciudad,codigo_dane,nombre,id_departamento) values ('1033','76563','PRADERA','24');
Insert into activosfijos.ciudades (id_ciudad,codigo_dane,nombre,id_departamento) values ('1034','76606','RESTREPO','24');
Insert into activosfijos.ciudades (id_ciudad,codigo_dane,nombre,id_departamento) values ('1035','76616','RIOFRIO','24');
Insert into activosfijos.ciudades (id_ciudad,codigo_dane,nombre,id_departamento) values ('1036','76622','ROLDANILLO','24');
Insert into activosfijos.ciudades (id_ciudad,codigo_dane,nombre,id_departamento) values ('1037','76670','SAN PEDRO','24');
Insert into activosfijos.ciudades (id_ciudad,codigo_dane,nombre,id_departamento) values ('1038','76736','SEVILLA','24');
Insert into activosfijos.ciudades (id_ciudad,codigo_dane,nombre,id_departamento) values ('1039','76823','TORO','24');
Insert into activosfijos.ciudades (id_ciudad,codigo_dane,nombre,id_departamento) values ('1040','76828','TRUJILLO','24');
Insert into activosfijos.ciudades (id_ciudad,codigo_dane,nombre,id_departamento) values ('1041','76834','TULUA','24');
Insert into activosfijos.ciudades (id_ciudad,codigo_dane,nombre,id_departamento) values ('1042','76845','ULLOA','24');
Insert into activosfijos.ciudades (id_ciudad,codigo_dane,nombre,id_departamento) values ('1043','76863','VERSALLES','24');
Insert into activosfijos.ciudades (id_ciudad,codigo_dane,nombre,id_departamento) values ('1044','76869','VIJES','24');
Insert into activosfijos.ciudades (id_ciudad,codigo_dane,nombre,id_departamento) values ('1045','76890','YOTOCO','24');
Insert into activosfijos.ciudades (id_ciudad,codigo_dane,nombre,id_departamento) values ('1046','76892','YUMBO','24');
Insert into activosfijos.ciudades (id_ciudad,codigo_dane,nombre,id_departamento) values ('1047','76895','ZARZAL','24');
Insert into activosfijos.ciudades (id_ciudad,codigo_dane,nombre,id_departamento) values ('1048','81001','ARAUCA','25');
Insert into activosfijos.ciudades (id_ciudad,codigo_dane,nombre,id_departamento) values ('1049','81065','ARAUQUITA','25');
Insert into activosfijos.ciudades (id_ciudad,codigo_dane,nombre,id_departamento) values ('1050','81220','CRAVO NORTE','25');
Insert into activosfijos.ciudades (id_ciudad,codigo_dane,nombre,id_departamento) values ('1051','81300','FORTUL','25');
Insert into activosfijos.ciudades (id_ciudad,codigo_dane,nombre,id_departamento) values ('1052','81591','PUERTO RONDON','25');
Insert into activosfijos.ciudades (id_ciudad,codigo_dane,nombre,id_departamento) values ('1053','81736','SARAVENA','25');
Insert into activosfijos.ciudades (id_ciudad,codigo_dane,nombre,id_departamento) values ('1054','81794','TAME','25');
Insert into activosfijos.ciudades (id_ciudad,codigo_dane,nombre,id_departamento) values ('1055','85001','YOPAL','26');
Insert into activosfijos.ciudades (id_ciudad,codigo_dane,nombre,id_departamento) values ('1056','85010','AGUAZUL','26');
Insert into activosfijos.ciudades (id_ciudad,codigo_dane,nombre,id_departamento) values ('1057','85015','CHAMEZA','26');
Insert into activosfijos.ciudades (id_ciudad,codigo_dane,nombre,id_departamento) values ('1058','85125','HATO COROZAL','26');
Insert into activosfijos.ciudades (id_ciudad,codigo_dane,nombre,id_departamento) values ('1059','85136','LA SALINA','26');
Insert into activosfijos.ciudades (id_ciudad,codigo_dane,nombre,id_departamento) values ('1060','85139','MANI','26');
Insert into activosfijos.ciudades (id_ciudad,codigo_dane,nombre,id_departamento) values ('1061','85162','MONTERREY','26');
Insert into activosfijos.ciudades (id_ciudad,codigo_dane,nombre,id_departamento) values ('1062','85225','NUNCHIA','26');
Insert into activosfijos.ciudades (id_ciudad,codigo_dane,nombre,id_departamento) values ('1063','85230','OROCUE','26');
Insert into activosfijos.ciudades (id_ciudad,codigo_dane,nombre,id_departamento) values ('1064','85250','PAZ DE ARIPORO','26');
Insert into activosfijos.ciudades (id_ciudad,codigo_dane,nombre,id_departamento) values ('1065','85263','PORE','26');
Insert into activosfijos.ciudades (id_ciudad,codigo_dane,nombre,id_departamento) values ('1066','85279','RECETOR','26');
Insert into activosfijos.ciudades (id_ciudad,codigo_dane,nombre,id_departamento) values ('1067','85300','SABANALARGA','26');
Insert into activosfijos.ciudades (id_ciudad,codigo_dane,nombre,id_departamento) values ('1068','85315','SACAMA','26');
Insert into activosfijos.ciudades (id_ciudad,codigo_dane,nombre,id_departamento) values ('1069','85325','SAN LUIS DE PALENQUE','26');
Insert into activosfijos.ciudades (id_ciudad,codigo_dane,nombre,id_departamento) values ('1070','85400','TAMARA','26');
Insert into activosfijos.ciudades (id_ciudad,codigo_dane,nombre,id_departamento) values ('1071','85410','TAURAMENA','26');
Insert into activosfijos.ciudades (id_ciudad,codigo_dane,nombre,id_departamento) values ('1072','85430','TRINIDAD','26');
Insert into activosfijos.ciudades (id_ciudad,codigo_dane,nombre,id_departamento) values ('1073','85440','VILLANUEVA','26');
Insert into activosfijos.ciudades (id_ciudad,codigo_dane,nombre,id_departamento) values ('1074','86001','MOCOA','27');
Insert into activosfijos.ciudades (id_ciudad,codigo_dane,nombre,id_departamento) values ('1075','86219','COLON','27');
Insert into activosfijos.ciudades (id_ciudad,codigo_dane,nombre,id_departamento) values ('1076','86320','ORITO','27');
Insert into activosfijos.ciudades (id_ciudad,codigo_dane,nombre,id_departamento) values ('1077','86568','PUERTO ASIS','27');
Insert into activosfijos.ciudades (id_ciudad,codigo_dane,nombre,id_departamento) values ('1078','86569','PUERTO CAICEDO','27');
Insert into activosfijos.ciudades (id_ciudad,codigo_dane,nombre,id_departamento) values ('1079','86571','PUERTO GUZMAN','27');
Insert into activosfijos.ciudades (id_ciudad,codigo_dane,nombre,id_departamento) values ('1080','86573','PUERTO LEGUIZAMO','27');
Insert into activosfijos.ciudades (id_ciudad,codigo_dane,nombre,id_departamento) values ('1081','86749','SIBUNDOY','27');
Insert into activosfijos.ciudades (id_ciudad,codigo_dane,nombre,id_departamento) values ('1082','86755','SAN FRANCISCO','27');
Insert into activosfijos.ciudades (id_ciudad,codigo_dane,nombre,id_departamento) values ('1083','86757','SAN MIGUEL','27');
Insert into activosfijos.ciudades (id_ciudad,codigo_dane,nombre,id_departamento) values ('1084','86760','SANTIAGO','27');
Insert into activosfijos.ciudades (id_ciudad,codigo_dane,nombre,id_departamento) values ('1085','86865','VALLE DEL GUAMUEZ','27');
Insert into activosfijos.ciudades (id_ciudad,codigo_dane,nombre,id_departamento) values ('1086','86885','VILLAGARZON','27');
Insert into activosfijos.ciudades (id_ciudad,codigo_dane,nombre,id_departamento) values ('1087','88001','SAN ANDRES','28');
Insert into activosfijos.ciudades (id_ciudad,codigo_dane,nombre,id_departamento) values ('1088','88564','PROVIDENCIA','28');
Insert into activosfijos.ciudades (id_ciudad,codigo_dane,nombre,id_departamento) values ('1089','91001','LETICIA','29');
Insert into activosfijos.ciudades (id_ciudad,codigo_dane,nombre,id_departamento) values ('1090','91263','EL ENCANTO','29');
Insert into activosfijos.ciudades (id_ciudad,codigo_dane,nombre,id_departamento) values ('1091','91405','LA CHORRERA','29');
Insert into activosfijos.ciudades (id_ciudad,codigo_dane,nombre,id_departamento) values ('1092','91407','LA PEDRERA','29');
Insert into activosfijos.ciudades (id_ciudad,codigo_dane,nombre,id_departamento) values ('1093','91430','LA VICTORIA','29');
Insert into activosfijos.ciudades (id_ciudad,codigo_dane,nombre,id_departamento) values ('1094','91460','MIRITI - PARANA','29');
Insert into activosfijos.ciudades (id_ciudad,codigo_dane,nombre,id_departamento) values ('1095','91530','PUERTO ALEGRIA','29');
Insert into activosfijos.ciudades (id_ciudad,codigo_dane,nombre,id_departamento) values ('1096','91536','PUERTO ARICA','29');
Insert into activosfijos.ciudades (id_ciudad,codigo_dane,nombre,id_departamento) values ('1097','91540','PUERTO NARI?O','29');
Insert into activosfijos.ciudades (id_ciudad,codigo_dane,nombre,id_departamento) values ('1098','91669','PUERTO SANTANDER','29');
Insert into activosfijos.ciudades (id_ciudad,codigo_dane,nombre,id_departamento) values ('1099','91798','TARAPACA','29');
Insert into activosfijos.ciudades (id_ciudad,codigo_dane,nombre,id_departamento) values ('1100','94001','INIRIDA','30');
Insert into activosfijos.ciudades (id_ciudad,codigo_dane,nombre,id_departamento) values ('1101','94343','BARRANCO MINAS','30');
Insert into activosfijos.ciudades (id_ciudad,codigo_dane,nombre,id_departamento) values ('1102','94663','MAPIRIPANA','30');
Insert into activosfijos.ciudades (id_ciudad,codigo_dane,nombre,id_departamento) values ('1103','94883','SAN FELIPE','30');
Insert into activosfijos.ciudades (id_ciudad,codigo_dane,nombre,id_departamento) values ('1104','94884','PUERTO COLOMBIA','30');
Insert into activosfijos.ciudades (id_ciudad,codigo_dane,nombre,id_departamento) values ('1105','94885','LA GUADALUPE','30');
Insert into activosfijos.ciudades (id_ciudad,codigo_dane,nombre,id_departamento) values ('1106','94886','CACAHUAL','30');
Insert into activosfijos.ciudades (id_ciudad,codigo_dane,nombre,id_departamento) values ('1107','94887','PANA PANA','30');
Insert into activosfijos.ciudades (id_ciudad,codigo_dane,nombre,id_departamento) values ('1108','94888','MORICHAL','30');
Insert into activosfijos.ciudades (id_ciudad,codigo_dane,nombre,id_departamento) values ('1109','95001','SAN JOSE DEL GUAVIARE','31');
Insert into activosfijos.ciudades (id_ciudad,codigo_dane,nombre,id_departamento) values ('1110','95015','CALAMAR','31');
Insert into activosfijos.ciudades (id_ciudad,codigo_dane,nombre,id_departamento) values ('1111','95025','EL RETORNO','31');
Insert into activosfijos.ciudades (id_ciudad,codigo_dane,nombre,id_departamento) values ('1112','95200','MIRAFLORES','31');
Insert into activosfijos.ciudades (id_ciudad,codigo_dane,nombre,id_departamento) values ('1113','97001','MITU','32');
Insert into activosfijos.ciudades (id_ciudad,codigo_dane,nombre,id_departamento) values ('1114','97161','CARURU','32');
Insert into activosfijos.ciudades (id_ciudad,codigo_dane,nombre,id_departamento) values ('1115','97511','PACOA','32');
Insert into activosfijos.ciudades (id_ciudad,codigo_dane,nombre,id_departamento) values ('1116','97666','TARAIRA','32');
Insert into activosfijos.ciudades (id_ciudad,codigo_dane,nombre,id_departamento) values ('1117','97777','PAPUNAUA','32');
Insert into activosfijos.ciudades (id_ciudad,codigo_dane,nombre,id_departamento) values ('1118','97889','YAVARATE','32');
Insert into activosfijos.ciudades (id_ciudad,codigo_dane,nombre,id_departamento) values ('1119','99001','PUERTO CARRE?O','33');
Insert into activosfijos.ciudades (id_ciudad,codigo_dane,nombre,id_departamento) values ('1120','99524','LA PRIMAVERA','33');
Insert into activosfijos.ciudades (id_ciudad,codigo_dane,nombre,id_departamento) values ('1121','99624','SANTA ROSALIA','33');
Insert into activosfijos.ciudades (id_ciudad,codigo_dane,nombre,id_departamento) values ('1122','99773','CUMARIBO','33');
Insert into activosfijos.ciudades (id_ciudad,codigo_dane,nombre,id_departamento) values ('999999','98989','SIN CIUDAD DANE','11');

-- AREAS
Insert into activosfijos.areas (id_area,nombre,id_ciudad) values ('1','Comercial (Ventas y marketing)','149');
Insert into activosfijos.areas (id_area,nombre,id_ciudad) values ('2','Administracin, contabilidad y finanzas','149');
Insert into activosfijos.areas (id_area,nombre,id_ciudad) values ('3','Informtica, sistemas y tecnologa','149');
Insert into activosfijos.areas (id_area,nombre,id_ciudad) values ('4','Produccin','149');
Insert into activosfijos.areas (id_area,nombre,id_ciudad) values ('5','Recursos humanos','149');
Insert into activosfijos.areas (id_area,nombre,id_ciudad) values ('6','Compras, logstica y abastecimiento','149');
Insert into activosfijos.areas (id_area,nombre,id_ciudad) values ('7','Servicios generales y otros','149');
Insert into activosfijos.areas (id_area,nombre,id_ciudad) values ('8','Comercial (Ventas y marketing)','1');
Insert into activosfijos.areas (id_area,nombre,id_ciudad) values ('9','Administracin, contabilidad y finanzas','1');
Insert into activosfijos.areas (id_area,nombre,id_ciudad) values ('10','Informtica, sistemas y tecnologa','1');
Insert into activosfijos.areas (id_area,nombre,id_ciudad) values ('11','Produccin','1');
Insert into activosfijos.areas (id_area,nombre,id_ciudad) values ('12','Recursos humanos','1');
Insert into activosfijos.areas (id_area,nombre,id_ciudad) values ('13','Compras, logstica y abastecimiento','1');
Insert into activosfijos.areas (id_area,nombre,id_ciudad) values ('14','Servicios generales y otros','1');
Insert into activosfijos.areas (id_area,nombre,id_ciudad) values ('15','Comercial (Ventas y marketing)','1006');
Insert into activosfijos.areas (id_area,nombre,id_ciudad) values ('16','Administracin, contabilidad y finanzas','1006');
Insert into activosfijos.areas (id_area,nombre,id_ciudad) values ('17','Informtica, sistemas y tecnologa','1006');
Insert into activosfijos.areas (id_area,nombre,id_ciudad) values ('18','Produccin','1006');
Insert into activosfijos.areas (id_area,nombre,id_ciudad) values ('19','Recursos humanos','1006');
Insert into activosfijos.areas (id_area,nombre,id_ciudad) values ('20','Compras, logstica y abastecimiento','1006');
Insert into activosfijos.areas (id_area,nombre,id_ciudad) values ('21','Servicios generales y otros','1006');

-- EMPLEADOS
Insert into activosfijos.empleados (cedula,primer_nombre,segundo_nombre,primer_apellido,segundo_apellido,numero_telefono,numero_celular,correo_electronico) values ('80119876','Oscar','Alejandro', 'Villarreal', 'Colmenares', '','3112116962','oscar.villarreal@grupoasd.com.co');
Insert into activosfijos.empleados (cedula,primer_nombre,segundo_nombre,primer_apellido,segundo_apellido,numero_telefono,numero_celular,correo_electronico) values ('52111222','Alejandra','', 'Rugeles', 'Mora', '','3125468899','alejandra.rugeles@grupoasd.com.co');
Insert into activosfijos.empleados (cedula,primer_nombre,segundo_nombre,primer_apellido,segundo_apellido,numero_telefono,numero_celular,correo_electronico) values ('80111222','Rafael','', 'Mantilla', 'Restrepo', '','3135678465','rafael.mantilla@grupoasd.com.co');
Insert into activosfijos.empleados (cedula,primer_nombre,segundo_nombre,primer_apellido,segundo_apellido,numero_telefono,numero_celular,correo_electronico) values ('80222333','Rober','', 'Erazo', 'Guerra', '','3002548899','rober.erazo@grupoasd.com.co');
Insert into activosfijos.empleados (cedula,primer_nombre,segundo_nombre,primer_apellido,segundo_apellido,numero_telefono,numero_celular,correo_electronico) values ('80333444','Carlos','', 'Rodriguez', 'Molina', '','3014446521','carlos.rodriguez@grupoasd.com.co');
Insert into activosfijos.empleados (cedula,primer_nombre,segundo_nombre,primer_apellido,segundo_apellido,numero_telefono,numero_celular,correo_electronico) values ('52311322','Andrea','', 'Florez', 'Arango', '','3112225896','andrea.florez@grupoasd.com.co');

-- TIPO_ACTIVOS
Insert into activosfijos.tipo_activos (id_tipo_activo,nombre,descripcion) values ('1','Muebles','Todas las estanteras, mesas, sillas, mostradores y dems muebles que posee la empresa');
Insert into activosfijos.tipo_activos (id_tipo_activo,nombre,descripcion) values ('2','Vehculos','Medios de transporte que formen parte de los bienes de la compaa');
Insert into activosfijos.tipo_activos (id_tipo_activo,nombre,descripcion) values ('3','Equipo ofimtico','Equipo ofimtico');
Insert into activosfijos.tipo_activos (id_tipo_activo,nombre,descripcion) values ('4','Software','Licencias de software adquirido por la empresa');
Insert into activosfijos.tipo_activos (id_tipo_activo,nombre,descripcion) values ('5','Otros','Inmuebles, maquinaria, derechos de patentes, entre otros');


-- ACTIVOS
INSERT INTO `activosfijos`.`activos`
(`nombre`,
`descripcion`,
`id_tipo_activo`,
`id_area`,
`id_empleado`,
`serial`,
`peso`,
`alto`,
`ancho`,
`largo`,
`valor_compra`,
`fecha_compra`)
VALUES
('Portatil',
'ASUS',
'3',
null,
'80119876',
'2',
null,
null,
null,
null,
'6500000',
'21/05/03');

